ISO-10303-21;
HEADER;
FILE_DESCRIPTION (( 'STEP AP214' ),
    '1' );
FILE_NAME ('GP1S094HCZ0F_Photointerrupter.STEP',
    '2026-08-25T00:49:19',
    ( '' ),
    ( '' ),
    'SwSTEP 2.0',
    'SolidWorks 2019',
    '' );
FILE_SCHEMA (( 'AUTOMOTIVE_DESIGN' ));
ENDSEC;

DATA;
#1 =( LENGTH_UNIT ( ) NAMED_UNIT ( * ) SI_UNIT ( .MILLI., .METRE. ) );
#2 =( NAMED_UNIT ( * ) PLANE_ANGLE_UNIT ( ) SI_UNIT ( $, .RADIAN. ) );
#3 = SURFACE_STYLE_FILL_AREA ( #632 ) ;
#4 = ORIENTED_EDGE ( 'NONE', *, *, #269, .T. ) ;
#5 = VECTOR ( 'NONE', #526, 1000.000000000000000 ) ;
#6 = SURFACE_SIDE_STYLE ('',( #391 ) ) ;
#7 = UNCERTAINTY_MEASURE_WITH_UNIT (LENGTH_MEASURE( 1.000000000000000082E-05 ), #280, 'distance_accuracy_value', 'NONE');
#8 = SURFACE_SIDE_STYLE ('',( #12 ) ) ;
#9 = FILL_AREA_STYLE_COLOUR ( '', #1080 ) ;
#10 = ORIENTED_EDGE ( 'NONE', *, *, #748, .T. ) ;
#11 = CARTESIAN_POINT ( 'NONE',  ( -1.799999999999999822, -1.649999999999993694, 0.000000000000000000 ) ) ;
#12 = SURFACE_STYLE_FILL_AREA ( #276 ) ;
#13 = SURFACE_SIDE_STYLE ('',( #1289 ) ) ;
#14 = MECHANICAL_DESIGN_GEOMETRIC_PRESENTATION_REPRESENTATION (  '', ( #802 ), #650 ) ;
#15 = LINE ( 'NONE', #883, #5 ) ;
#16 = ORIENTED_EDGE ( 'NONE', *, *, #1362, .F. ) ;
#17 = ORIENTED_EDGE ( 'NONE', *, *, #491, .T. ) ;
#18 = ORIENTED_EDGE ( 'NONE', *, *, #365, .T. ) ;
#19 = AXIS2_PLACEMENT_3D ( 'NONE', #1567, #475, #353 ) ;
#20 = ADVANCED_FACE ( 'NONE', ( #366, #199, #1197, #55, #557, #873 ), #94, .F. ) ;
#21 = VECTOR ( 'NONE', #1429, 999.9999999999998863 ) ;
#22 = LINE ( 'NONE', #1020, #705 ) ;
#23 = LINE ( 'NONE', #532, #238 ) ;
#24 = DIRECTION ( 'NONE',  ( -0.000000000000000000, 0.000000000000000000, 1.000000000000000000 ) ) ;
#25 = CARTESIAN_POINT ( 'NONE',  ( 2.174999999999999822, -4.049999999999999822, 0.5000000000000000000 ) ) ;
#26 = ORIENTED_EDGE ( 'NONE', *, *, #377, .T. ) ;
#27 = EDGE_CURVE ( 'NONE', #747, #1273, #1111, .T. ) ;
#28 = EDGE_LOOP ( 'NONE', ( #1024, #115 ) ) ;
#29 = VECTOR ( 'NONE', #1117, 1000.000000000000000 ) ;
#30 = SURFACE_STYLE_FILL_AREA ( #1517 ) ;
#31 = SURFACE_STYLE_FILL_AREA ( #1136 ) ;
#32 = SURFACE_STYLE_USAGE ( .BOTH. , #1040 ) ;
#33 = CARTESIAN_POINT ( 'NONE',  ( 0.000000000000000000, -7.150000000000000355, 0.000000000000000000 ) ) ;
#34 = ORIENTED_EDGE ( 'NONE', *, *, #894, .F. ) ;
#35 = EDGE_LOOP ( 'NONE', ( #10, #517, #1543, #1296 ) ) ;
#36 = LINE ( 'NONE', #1035, #840 ) ;
#37 =( NAMED_UNIT ( * ) SI_UNIT ( $, .STERADIAN. ) SOLID_ANGLE_UNIT ( ) );
#38 = ADVANCED_FACE ( 'NONE', ( #1354 ), #1573, .F. ) ;
#39 = AXIS2_PLACEMENT_3D ( 'NONE', #826, #1314, #201 ) ;
#40 = PLANE ( 'NONE',  #316 ) ;
#41 = LINE ( 'NONE', #900, #684 ) ;
#42 = ORIENTED_EDGE ( 'NONE', *, *, #732, .T. ) ;
#43 = PRESENTATION_STYLE_ASSIGNMENT (( #170 ) ) ;
#45 = ORIENTED_EDGE ( 'NONE', *, *, #820, .F. ) ;
#44 = COLOUR_RGB ( '',0.6862745098039215730, 0.6078431372549019107, 0.5294117647058823595 ) ;
#46 = AXIS2_PLACEMENT_3D ( 'NONE', #585, #1532, #797 ) ;
#47 = DIRECTION ( 'NONE',  ( 0.000000000000000000, 0.000000000000000000, -1.000000000000000000 ) ) ;
#48 = CARTESIAN_POINT ( 'NONE',  ( 2.325000000000000178, -7.150000000000000355, 2.100000000000000089 ) ) ;
#49 = DIRECTION ( 'NONE',  ( -0.000000000000000000, 1.000000000000000000, -0.000000000000000000 ) ) ;
#50 = LINE ( 'NONE', #401, #1176 ) ;
#51 = ADVANCED_FACE ( 'NONE', ( #1459 ), #986, .F. ) ;
#52 = ORIENTED_EDGE ( 'NONE', *, *, #1473, .F. ) ;
#53 = EDGE_LOOP ( 'NONE', ( #419, #535, #305, #563 ) ) ;
#54 = DIRECTION ( 'NONE',  ( 0.000000000000000000, 0.000000000000000000, 1.000000000000000000 ) ) ;
#55 = FACE_BOUND ( 'NONE', #851, .T. ) ;
#56 = DIRECTION ( 'NONE',  ( 0.000000000000000000, -1.000000000000000000, 0.000000000000000000 ) ) ;
#57 = FACE_OUTER_BOUND ( 'NONE', #315, .T. ) ;
#58 = LINE ( 'NONE', #937, #1322 ) ;
#59 = PRESENTATION_STYLE_ASSIGNMENT (( #1083 ) ) ;
#60 = EDGE_LOOP ( 'NONE', ( #1001, #205 ) ) ;
#61 =( NAMED_UNIT ( * ) PLANE_ANGLE_UNIT ( ) SI_UNIT ( $, .RADIAN. ) );
#62 = ORIENTED_EDGE ( 'NONE', *, *, #619, .F. ) ;
#63 = LINE ( 'NONE', #1405, #1586 ) ;
#64 = EDGE_CURVE ( 'NONE', #1442, #576, #693, .T. ) ;
#65 = ORIENTED_EDGE ( 'NONE', *, *, #502, .T. ) ;
#66 = CARTESIAN_POINT ( 'NONE',  ( 1.500000000000000000, 0.7500000000000000000, 2.600000000000000089 ) ) ;
#67 = CARTESIAN_POINT ( 'NONE',  ( 2.750000000000000888, 0.3500000000000008105, 2.600000000000000089 ) ) ;
#68 = VECTOR ( 'NONE', #1553, 1000.000000000000000 ) ;
#69 = PRODUCT_DEFINITION_SHAPE ( 'NONE', 'NONE',  #423 ) ;
#70 = CARTESIAN_POINT ( 'NONE',  ( 1.800000000000000044, 0.7500000000000000000, 0.000000000000000000 ) ) ;
#71 = ORIENTED_EDGE ( 'NONE', *, *, #1577, .T. ) ;
#72 = ADVANCED_FACE ( 'NONE', ( #824 ), #1342, .T. ) ;
#73 = VERTEX_POINT ( 'NONE', #237 ) ;
#74 = PLANE ( 'NONE',  #274 ) ;
#75 = AXIS2_PLACEMENT_3D ( 'NONE', #1188, #1180, #568 ) ;
#76 = CARTESIAN_POINT ( 'NONE',  ( 1.800000000000000044, 0.7499999999999998890, -2.710505431213761085E-17 ) ) ;
#77 = CARTESIAN_POINT ( 'NONE',  ( -2.325000000000000622, -4.049999999999999822, 2.500000000000000000 ) ) ;
#78 = CARTESIAN_POINT ( 'NONE',  ( 1.500000000000000000, 0.7500000000000000000, 2.199999999999999734 ) ) ;
#79 = ORIENTED_EDGE ( 'NONE', *, *, #857, .T. ) ;
#80 = DIRECTION ( 'NONE',  ( -1.000000000000000000, -0.000000000000000000, -0.000000000000000000 ) ) ;
#81 = EDGE_LOOP ( 'NONE', ( #1105, #891, #1384, #332 ) ) ;
#82 = ORIENTED_EDGE ( 'NONE', *, *, #1580, .T. ) ;
#83 = DIRECTION ( 'NONE',  ( -1.000000000000000000, 0.000000000000000000, -0.000000000000000000 ) ) ;
#84 = SURFACE_STYLE_FILL_AREA ( #457 ) ;
#85 = AXIS2_PLACEMENT_3D ( 'NONE', #1022, #752, #760 ) ;
#86 =( NAMED_UNIT ( * ) SI_UNIT ( $, .STERADIAN. ) SOLID_ANGLE_UNIT ( ) );
#87 = EDGE_LOOP ( 'NONE', ( #1268, #769, #821, #103 ) ) ;
#88 = ORIENTED_EDGE ( 'NONE', *, *, #101, .F. ) ;
#89 = CARTESIAN_POINT ( 'NONE',  ( -2.325000000000000178, -7.150000000000000355, 0.09999999999999971412 ) ) ;
#90 = CARTESIAN_POINT ( 'NONE',  ( -2.175000000000000266, -7.150000000000000355, 0.4999999999999996669 ) ) ;
#91 = EDGE_CURVE ( 'NONE', #960, #672, #513, .T. ) ;
#92 = UNCERTAINTY_MEASURE_WITH_UNIT (LENGTH_MEASURE( 1.000000000000000082E-05 ), #206, 'distance_accuracy_value', 'NONE');
#93 = LINE ( 'NONE', #110, #867 ) ;
#94 = PLANE ( 'NONE',  #399 ) ;
#95 = ORIENTED_EDGE ( 'NONE', *, *, #1224, .T. ) ;
#96 = VECTOR ( 'NONE', #572, 1000.000000000000227 ) ;
#97 = EDGE_CURVE ( 'NONE', #1053, #615, #539, .T. ) ;
#98 = CARTESIAN_POINT ( 'NONE',  ( -1.499999999999999778, 0.7500000000000000000, 0.2999999999999997113 ) ) ;
#99 = CARTESIAN_POINT ( 'NONE',  ( 2.324999999999999734, -4.049999999999999822, 0.09999999999999993616 ) ) ;
#100 = VECTOR ( 'NONE', #262, 1000.000000000000000 ) ;
#101 = EDGE_CURVE ( 'NONE', #1487, #186, #771, .T. ) ;
#102 = SURFACE_SIDE_STYLE ('',( #1464 ) ) ;
#103 = ORIENTED_EDGE ( 'NONE', *, *, #554, .F. ) ;
#104 = ORIENTED_EDGE ( 'NONE', *, *, #431, .F. ) ;
#105 = AXIS2_PLACEMENT_3D ( 'NONE', #655, #24, #1004 ) ;
#106 = LINE ( 'NONE', #113, #1488 ) ;
#107 = UNCERTAINTY_MEASURE_WITH_UNIT (LENGTH_MEASURE( 1.000000000000000082E-05 ), #612, 'distance_accuracy_value', 'NONE');
#108 = DIRECTION ( 'NONE',  ( -1.084202172485504237E-15, 0.000000000000000000, 1.000000000000000000 ) ) ;
#109 = EDGE_CURVE ( 'NONE', #1273, #328, #780, .T. ) ;
#110 = CARTESIAN_POINT ( 'NONE',  ( -2.325000000000000178, -7.150000000000000355, 2.500000000000000000 ) ) ;
#111 = ORIENTED_EDGE ( 'NONE', *, *, #182, .F. ) ;
#112 = VECTOR ( 'NONE', #354, 1000.000000000000000 ) ;
#113 = CARTESIAN_POINT ( 'NONE',  ( 2.324999999999999734, -7.150000000000000355, 0.09999999999999993616 ) ) ;
#114 = DIRECTION ( 'NONE',  ( 0.000000000000000000, -1.000000000000000000, 0.000000000000000000 ) ) ;
#115 = ORIENTED_EDGE ( 'NONE', *, *, #713, .T. ) ;
#116 = PRESENTATION_LAYER_ASSIGNMENT (  '', '', ( #834 ) ) ;
#117 = DIRECTION ( 'NONE',  ( 0.000000000000000000, 0.000000000000000000, 1.000000000000000000 ) ) ;
#118 = VECTOR ( 'NONE', #188, 1000.000000000000000 ) ;
#119 = EDGE_CURVE ( 'NONE', #951, #296, #1387, .T. ) ;
#120 = DIRECTION ( 'NONE',  ( -0.000000000000000000, 1.000000000000000000, -0.000000000000000000 ) ) ;
#121 = PLANE ( 'NONE',  #1169 ) ;
#122 = CARTESIAN_POINT ( 'NONE',  ( -2.750000000000000888, 0.7500000000000000000, 2.600000000000000089 ) ) ;
#123 = CIRCLE ( 'NONE', #1370, 0.5000000000000000000 ) ;
#124 = VERTEX_POINT ( 'NONE', #166 ) ;
#125 = AXIS2_PLACEMENT_3D ( 'NONE', #855, #1335, #114 ) ;
#126 = FILL_AREA_STYLE_COLOUR ( '', #207 ) ;
#127 = DIRECTION ( 'NONE',  ( 0.000000000000000000, 0.000000000000000000, -1.000000000000000000 ) ) ;
#128 = ORIENTED_EDGE ( 'NONE', *, *, #1224, .F. ) ;
#129 =( LENGTH_UNIT ( ) NAMED_UNIT ( * ) SI_UNIT ( .MILLI., .METRE. ) );
#130 = DIRECTION ( 'NONE',  ( -0.000000000000000000, 0.000000000000000000, -1.000000000000000000 ) ) ;
#131 = CARTESIAN_POINT ( 'NONE',  ( -2.174999999999999822, -4.049999999999999822, 0.4999999999999995559 ) ) ;
#132 = ADVANCED_FACE ( 'NONE', ( #180 ), #654, .F. ) ;
#133 = LINE ( 'NONE', #395, #1153 ) ;
#134 = VERTEX_POINT ( 'NONE', #912 ) ;
#135 = ORIENTED_EDGE ( 'NONE', *, *, #1112, .T. ) ;
#136 = MECHANICAL_DESIGN_GEOMETRIC_PRESENTATION_REPRESENTATION (  '', ( #987 ), #1132 ) ;
#137 = ORIENTED_EDGE ( 'NONE', *, *, #778, .T. ) ;
#138 = EDGE_CURVE ( 'NONE', #681, #1496, #23, .T. ) ;
#139 = CARTESIAN_POINT ( 'NONE',  ( 3.673940397442079836E-17, -4.850000000000000533, 1.749999999999998002 ) ) ;
#140 = EDGE_CURVE ( 'NONE', #527, #215, #41, .T. ) ;
#141 = DIRECTION ( 'NONE',  ( 0.000000000000000000, 0.000000000000000000, -1.000000000000000000 ) ) ;
#142 = COLOUR_RGB ( '',0.6862745098039215730, 0.6078431372549019107, 0.5294117647058823595 ) ;
#143 = DIRECTION ( 'NONE',  ( 0.000000000000000000, -1.000000000000000000, 0.000000000000000000 ) ) ;
#144 = VECTOR ( 'NONE', #842, 1000.000000000000000 ) ;
#145 = ORIENTED_EDGE ( 'NONE', *, *, #349, .F. ) ;
#146 = ORIENTED_EDGE ( 'NONE', *, *, #1129, .F. ) ;
#147 =( GEOMETRIC_REPRESENTATION_CONTEXT ( 3 ) GLOBAL_UNCERTAINTY_ASSIGNED_CONTEXT ( ( #92 ) ) GLOBAL_UNIT_ASSIGNED_CONTEXT ( ( #206, #613, #346 ) ) REPRESENTATION_CONTEXT ( 'NONE', 'WORKASPACE' ) );
#148 = DIRECTION ( 'NONE',  ( 1.000000000000000000, 0.000000000000000000, -0.000000000000000000 ) ) ;
#149 = CARTESIAN_POINT ( 'NONE',  ( 2.174999999999999822, -7.150000000000000355, 0.5000000000000000000 ) ) ;
#150 = PRODUCT ( 'GP1S094HCZ0F_Photointerrupter', 'GP1S094HCZ0F_Photointerrupter', '', ( #863 ) ) ;
#151 = CARTESIAN_POINT ( 'NONE',  ( -2.325000000000000622, -4.049999999999999822, 2.100000000000000089 ) ) ;
#152 = VERTEX_POINT ( 'NONE', #524 ) ;
#153 = ORIENTED_EDGE ( 'NONE', *, *, #945, .F. ) ;
#154 = DIRECTION ( 'NONE',  ( 0.000000000000000000, -0.000000000000000000, -1.000000000000000000 ) ) ;
#155 = EDGE_CURVE ( 'NONE', #411, #1378, #312, .T. ) ;
#156 =( GEOMETRIC_REPRESENTATION_CONTEXT ( 3 ) GLOBAL_UNCERTAINTY_ASSIGNED_CONTEXT ( ( #896 ) ) GLOBAL_UNIT_ASSIGNED_CONTEXT ( ( #995, #625, #503 ) ) REPRESENTATION_CONTEXT ( 'NONE', 'WORKASPACE' ) );
#157 = SURFACE_STYLE_USAGE ( .BOTH. , #6 ) ;
#158 = SURFACE_SIDE_STYLE ('',( #178 ) ) ;
#159 = DIRECTION ( 'NONE',  ( 0.000000000000000000, 0.000000000000000000, -1.000000000000000000 ) ) ;
#160 = ORIENTED_EDGE ( 'NONE', *, *, #656, .F. ) ;
#161 = EDGE_LOOP ( 'NONE', ( #761, #774, #997, #18 ) ) ;
#162 = DIRECTION ( 'NONE',  ( 0.000000000000000000, 0.000000000000000000, 1.000000000000000000 ) ) ;
#163 = CARTESIAN_POINT ( 'NONE',  ( 1.500000000000000000, 0.7500000000000000000, 2.600000000000000089 ) ) ;
#164 = VECTOR ( 'NONE', #49, 1000.000000000000000 ) ;
#165 = CARTESIAN_POINT ( 'NONE',  ( -2.175000000000000266, -7.150000000000000355, 2.500000000000000000 ) ) ;
#166 = CARTESIAN_POINT ( 'NONE',  ( 2.325000000000000178, -7.150000000000000355, 2.100000000000000089 ) ) ;
#167 = DIRECTION ( 'NONE',  ( -1.000000000000000000, -0.000000000000000000, -0.000000000000000000 ) ) ;
#168 = VERTEX_POINT ( 'NONE', #677 ) ;
#169 = CIRCLE ( 'NONE', #1287, 0.5000000000000000000 ) ;
#170 = SURFACE_STYLE_USAGE ( .BOTH. , #439 ) ;
#171 = EDGE_LOOP ( 'NONE', ( #963, #1158, #1452, #783, #939 ) ) ;
#172 =( GEOMETRIC_REPRESENTATION_CONTEXT ( 3 ) GLOBAL_UNCERTAINTY_ASSIGNED_CONTEXT ( ( #107 ) ) GLOBAL_UNIT_ASSIGNED_CONTEXT ( ( #612, #876, #1211 ) ) REPRESENTATION_CONTEXT ( 'NONE', 'WORKASPACE' ) );
#173 =( LENGTH_UNIT ( ) NAMED_UNIT ( * ) SI_UNIT ( .MILLI., .METRE. ) );
#174 = VECTOR ( 'NONE', #362, 1000.000000000000000 ) ;
#175 = CARTESIAN_POINT ( 'NONE',  ( 2.750000000000000888, 0.7500000000000000000, 2.199999999999999734 ) ) ;
#176 = PRESENTATION_STYLE_ASSIGNMENT (( #759 ) ) ;
#177 = VECTOR ( 'NONE', #602, 1000.000000000000000 ) ;
#178 = SURFACE_STYLE_FILL_AREA ( #425 ) ;
#179 = VECTOR ( 'NONE', #837, 1000.000000000000000 ) ;
#180 = FACE_OUTER_BOUND ( 'NONE', #1245, .T. ) ;
#181 = LINE ( 'NONE', #1209, #1485 ) ;
#182 = EDGE_CURVE ( 'NONE', #1210, #1424, #669, .T. ) ;
#183 = ORIENTED_EDGE ( 'NONE', *, *, #801, .T. ) ;
#184 = VECTOR ( 'NONE', #1128, 1000.000000000000000 ) ;
#185 = FACE_OUTER_BOUND ( 'NONE', #548, .T. ) ;
#186 = VERTEX_POINT ( 'NONE', #1500 ) ;
#187 = DIRECTION ( 'NONE',  ( -1.000000000000000000, 0.000000000000000000, 0.000000000000000000 ) ) ;
#188 = DIRECTION ( 'NONE',  ( -1.000000000000000000, -0.000000000000000000, -0.000000000000000000 ) ) ;
#189 = FILL_AREA_STYLE_COLOUR ( '', #1070 ) ;
#190 = EDGE_CURVE ( 'NONE', #1496, #1360, #50, .T. ) ;
#191 = DIRECTION ( 'NONE',  ( 1.000000000000000000, 0.000000000000000000, 0.000000000000000000 ) ) ;
#192 = ORIENTED_EDGE ( 'NONE', *, *, #349, .T. ) ;
#193 = VECTOR ( 'NONE', #1395, 1000.000000000000000 ) ;
#194 = APPLICATION_CONTEXT ( 'automotive_design' ) ;
#195 = PLANE ( 'NONE',  #652 ) ;
#196 = ORIENTED_EDGE ( 'NONE', *, *, #140, .T. ) ;
#197 = FILL_AREA_STYLE ('',( #832 ) ) ;
#198 = EDGE_CURVE ( 'NONE', #1396, #767, #1161, .T. ) ;
#199 = FACE_BOUND ( 'NONE', #496, .T. ) ;
#200 = MECHANICAL_DESIGN_GEOMETRIC_PRESENTATION_REPRESENTATION (  '', ( #289 ), #485 ) ;
#201 = DIRECTION ( 'NONE',  ( 1.000000000000000000, 0.000000000000000000, 0.000000000000000000 ) ) ;
#202 = AXIS2_PLACEMENT_3D ( 'NONE', #1144, #127, #392 ) ;
#203 = ORIENTED_EDGE ( 'NONE', *, *, #1008, .T. ) ;
#204 = DIRECTION ( 'NONE',  ( -0.000000000000000000, 0.000000000000000000, -1.000000000000000000 ) ) ;
#205 = ORIENTED_EDGE ( 'NONE', *, *, #509, .F. ) ;
#206 =( LENGTH_UNIT ( ) NAMED_UNIT ( * ) SI_UNIT ( .MILLI., .METRE. ) );
#207 = COLOUR_RGB ( '',0.6862745098039215730, 0.6078431372549019107, 0.5294117647058823595 ) ;
#208 = VECTOR ( 'NONE', #1408, 1000.000000000000000 ) ;
#209 = ORIENTED_EDGE ( 'NONE', *, *, #1315, .F. ) ;
#210 = DIRECTION ( 'NONE',  ( -0.7071067811865434649, 0.7071067811865515695, -0.000000000000000000 ) ) ;
#211 = SURFACE_SIDE_STYLE ('',( #965 ) ) ;
#212 = FILL_AREA_STYLE ('',( #1548 ) ) ;
#213 = CARTESIAN_POINT ( 'NONE',  ( -2.325000000000000178, -7.150000000000000355, 0.09999999999999971412 ) ) ;
#214 =( NAMED_UNIT ( * ) PLANE_ANGLE_UNIT ( ) SI_UNIT ( $, .RADIAN. ) );
#215 = VERTEX_POINT ( 'NONE', #1510 ) ;
#216 = FILL_AREA_STYLE ('',( #1317 ) ) ;
#217 = UNCERTAINTY_MEASURE_WITH_UNIT (LENGTH_MEASURE( 1.000000000000000082E-05 ), #663, 'distance_accuracy_value', 'NONE');
#218 = ORIENTED_EDGE ( 'NONE', *, *, #389, .T. ) ;
#219 = DIRECTION ( 'NONE',  ( 0.000000000000000000, 0.000000000000000000, 1.000000000000000000 ) ) ;
#220 = ORIENTED_EDGE ( 'NONE', *, *, #431, .T. ) ;
#221 = EDGE_CURVE ( 'NONE', #718, #73, #1276, .T. ) ;
#222 = EDGE_CURVE ( 'NONE', #186, #1329, #1076, .T. ) ;
#223 =( NAMED_UNIT ( * ) PLANE_ANGLE_UNIT ( ) SI_UNIT ( $, .RADIAN. ) );
#224 = LINE ( 'NONE', #1456, #687 ) ;
#225 = DIRECTION ( 'NONE',  ( -1.445602896647339163E-16, 1.000000000000000000, 0.000000000000000000 ) ) ;
#226 = CARTESIAN_POINT ( 'NONE',  ( -2.750000000000000888, 0.3500000000000006994, 2.600000000000000089 ) ) ;
#227 = EDGE_CURVE ( 'NONE', #73, #1309, #1540, .T. ) ;
#228 = PRESENTATION_LAYER_ASSIGNMENT (  '', '', ( #987 ) ) ;
#229 = CARTESIAN_POINT ( 'NONE',  ( -1.800000000000000044, -2.602085213965210642E-16, 2.600000000000000089 ) ) ;
#230 = LINE ( 'NONE', #844, #888 ) ;
#231 = SURFACE_STYLE_USAGE ( .BOTH. , #1587 ) ;
#232 = EDGE_LOOP ( 'NONE', ( #722, #704, #459, #565 ) ) ;
#233 = STYLED_ITEM ( 'NONE', ( #958 ), #277 ) ;
#234 = CARTESIAN_POINT ( 'NONE',  ( 0.000000000000000000, -4.049999999999999822, 2.049999999999999822 ) ) ;
#235 = SURFACE_SIDE_STYLE ('',( #983 ) ) ;
#236 = VECTOR ( 'NONE', #934, 1000.000000000000114 ) ;
#237 = CARTESIAN_POINT ( 'NONE',  ( 1.800000000000000044, -1.650000000000004796, 0.000000000000000000 ) ) ;
#238 = VECTOR ( 'NONE', #1282, 1000.000000000000000 ) ;
#239 = VECTOR ( 'NONE', #601, 1000.000000000000000 ) ;
#240 = CARTESIAN_POINT ( 'NONE',  ( 1.500000000000000000, -1.950000000000001288, 0.2999999999999990452 ) ) ;
#241 = UNCERTAINTY_MEASURE_WITH_UNIT (LENGTH_MEASURE( 1.000000000000000082E-05 ), #1313, 'distance_accuracy_value', 'NONE');
#242 = CARTESIAN_POINT ( 'NONE',  ( -2.174999999999999822, -7.150000000000000355, 2.100000000000000089 ) ) ;
#243 = CARTESIAN_POINT ( 'NONE',  ( 1.500000000000000000, 0.3500000000000006994, 2.600000000000000089 ) ) ;
#244 = ORIENTED_EDGE ( 'NONE', *, *, #1559, .T. ) ;
#245 = STYLED_ITEM ( 'NONE', ( #946 ), #38 ) ;
#246 = EDGE_CURVE ( 'NONE', #782, #1442, #1448, .T. ) ;
#247 = DIRECTION ( 'NONE',  ( -1.084202172485504040E-15, 0.000000000000000000, 1.000000000000000000 ) ) ;
#248 = DIRECTION ( 'NONE',  ( -0.7071067811865485719, 0.000000000000000000, 0.7071067811865465735 ) ) ;
#249 = CARTESIAN_POINT ( 'NONE',  ( 1.500000000000000000, -2.250000000000000444, 0.2999999999999990452 ) ) ;
#250 = ORIENTED_EDGE ( 'NONE', *, *, #857, .F. ) ;
#251 = PRESENTATION_LAYER_ASSIGNMENT (  '', '', ( #905 ) ) ;
#252 = CARTESIAN_POINT ( 'NONE',  ( 0.000000000000000000, -4.650000000000001243, 2.549999999999999822 ) ) ;
#253 = VECTOR ( 'NONE', #1400, 1000.000000000000000 ) ;
#254 = PRESENTATION_LAYER_ASSIGNMENT (  '', '', ( #1037 ) ) ;
#255 = DIRECTION ( 'NONE',  ( 0.000000000000000000, 0.000000000000000000, 1.000000000000000000 ) ) ;
#256 = LINE ( 'NONE', #1353, #788 ) ;
#257 = VECTOR ( 'NONE', #1569, 1000.000000000000000 ) ;
#258 = VERTEX_POINT ( 'NONE', #1420 ) ;
#259 = AXIS2_PLACEMENT_3D ( 'NONE', #551, #417, #1146 ) ;
#260 = AXIS2_PLACEMENT_3D ( 'NONE', #229, #717, #1109 ) ;
#261 = CARTESIAN_POINT ( 'NONE',  ( 2.750000000000000888, 0.7500000000000000000, 2.600000000000000089 ) ) ;
#262 = DIRECTION ( 'NONE',  ( -0.000000000000000000, 1.000000000000000000, -0.000000000000000000 ) ) ;
#263 = EDGE_LOOP ( 'NONE', ( #843, #128, #555, #65 ) ) ;
#264 = EDGE_LOOP ( 'NONE', ( #1044, #244, #633, #463 ) ) ;
#265 = ORIENTED_EDGE ( 'NONE', *, *, #454, .F. ) ;
#266 = ADVANCED_FACE ( 'NONE', ( #1304 ), #465, .F. ) ;
#267 =( NAMED_UNIT ( * ) PLANE_ANGLE_UNIT ( ) SI_UNIT ( $, .RADIAN. ) );
#268 =( NAMED_UNIT ( * ) PLANE_ANGLE_UNIT ( ) SI_UNIT ( $, .RADIAN. ) );
#269 = EDGE_CURVE ( 'NONE', #1424, #951, #1200, .T. ) ;
#270 = DIRECTION ( 'NONE',  ( 1.000000000000000000, 0.000000000000000000, 0.000000000000000000 ) ) ;
#271 = UNCERTAINTY_MEASURE_WITH_UNIT (LENGTH_MEASURE( 1.000000000000000082E-05 ), #1031, 'distance_accuracy_value', 'NONE');
#272 = CARTESIAN_POINT ( 'NONE',  ( 0.000000000000000000, -4.850000000000000533, 2.049999999999999822 ) ) ;
#273 = ORIENTED_EDGE ( 'NONE', *, *, #138, .T. ) ;
#274 = AXIS2_PLACEMENT_3D ( 'NONE', #1178, #577, #54 ) ;
#275 = VERTEX_POINT ( 'NONE', #77 ) ;
#276 = FILL_AREA_STYLE ('',( #531 ) ) ;
#277 = ADVANCED_FACE ( 'NONE', ( #343 ), #1293, .F. ) ;
#278 = CARTESIAN_POINT ( 'NONE',  ( -2.325000000000000178, -7.150000000000000355, 0.09999999999999971412 ) ) ;
#279 = PRESENTATION_LAYER_ASSIGNMENT (  '', '', ( #1390 ) ) ;
#280 =( LENGTH_UNIT ( ) NAMED_UNIT ( * ) SI_UNIT ( .MILLI., .METRE. ) );
#281 = VERTEX_POINT ( 'NONE', #1439 ) ;
#282 = VERTEX_POINT ( 'NONE', #1217 ) ;
#283 = SURFACE_STYLE_USAGE ( .BOTH. , #1262 ) ;
#284 = SURFACE_STYLE_USAGE ( .BOTH. , #158 ) ;
#285 = DIRECTION ( 'NONE',  ( 0.000000000000000000, 1.000000000000000000, 0.000000000000000000 ) ) ;
#286 = EDGE_LOOP ( 'NONE', ( #146, #1433, #775, #17, #660 ) ) ;
#287 = ORIENTED_EDGE ( 'NONE', *, *, #221, .T. ) ;
#288 = DIRECTION ( 'NONE',  ( -0.5773502691896235106, 0.5773502691896289507, 0.5773502691896249539 ) ) ;
#289 = STYLED_ITEM ( 'NONE', ( #670 ), #1026 ) ;
#290 = DIRECTION ( 'NONE',  ( 8.659560562354926695E-17, 0.7071067811865482389, -0.7071067811865469066 ) ) ;
#291 = PLANE ( 'NONE',  #908 ) ;
#292 = FILL_AREA_STYLE_COLOUR ( '', #1435 ) ;
#293 = SURFACE_SIDE_STYLE ('',( #402 ) ) ;
#294 = EDGE_LOOP ( 'NONE', ( #692, #1283, #647, #1531 ) ) ;
#295 = FACE_OUTER_BOUND ( 'NONE', #398, .T. ) ;
#296 = VERTEX_POINT ( 'NONE', #583 ) ;
#297 = SURFACE_STYLE_USAGE ( .BOTH. , #1279 ) ;
#298 = LINE ( 'NONE', #432, #236 ) ;
#299 = DIRECTION ( 'NONE',  ( -1.084202172485504631E-15, 0.000000000000000000, 1.000000000000000000 ) ) ;
#300 = CARTESIAN_POINT ( 'NONE',  ( 0.5333333333333267756, -2.916666666666663410, 1.266666666666669716 ) ) ;
#301 = PLANE ( 'NONE',  #865 ) ;
#302 = ORIENTED_EDGE ( 'NONE', *, *, #190, .T. ) ;
#303 = VECTOR ( 'NONE', #448, 1000.000000000000000 ) ;
#304 = DIRECTION ( 'NONE',  ( 0.000000000000000000, 1.000000000000000000, 0.000000000000000000 ) ) ;
#305 = ORIENTED_EDGE ( 'NONE', *, *, #222, .T. ) ;
#306 = VECTOR ( 'NONE', #80, 1000.000000000000000 ) ;
#307 = DIRECTION ( 'NONE',  ( 0.000000000000000000, -0.000000000000000000, -1.000000000000000000 ) ) ;
#308 = LINE ( 'NONE', #1407, #310 ) ;
#309 = FACE_OUTER_BOUND ( 'NONE', #796, .T. ) ;
#310 = VECTOR ( 'NONE', #698, 1000.000000000000114 ) ;
#311 = CARTESIAN_POINT ( 'NONE',  ( 0.000000000000000000, 0.3500000000000006994, 2.600000000000000089 ) ) ;
#312 = CIRCLE ( 'NONE', #1423, 0.5000000000000000000 ) ;
#313 =( NAMED_UNIT ( * ) PLANE_ANGLE_UNIT ( ) SI_UNIT ( $, .RADIAN. ) );
#314 = CARTESIAN_POINT ( 'NONE',  ( 2.174999999999999822, -7.150000000000000355, 0.09999999999999993616 ) ) ;
#315 = EDGE_LOOP ( 'NONE', ( #646, #203, #1043, #183 ) ) ;
#316 = AXIS2_PLACEMENT_3D ( 'NONE', #599, #581, #853 ) ;
#317 = EDGE_CURVE ( 'NONE', #1202, #1253, #1430, .T. ) ;
#318 = ORIENTED_EDGE ( 'NONE', *, *, #868, .T. ) ;
#319 = CARTESIAN_POINT ( 'NONE',  ( 2.750000000000000888, -4.049999999999999822, 0.000000000000000000 ) ) ;
#320 = SURFACE_STYLE_FILL_AREA ( #604 ) ;
#321 = EDGE_CURVE ( 'NONE', #598, #403, #1191, .T. ) ;
#322 = SURFACE_SIDE_STYLE ('',( #569 ) ) ;
#323 = FILL_AREA_STYLE_COLOUR ( '', #974 ) ;
#324 =( LENGTH_UNIT ( ) NAMED_UNIT ( * ) SI_UNIT ( .MILLI., .METRE. ) );
#325 = ORIENTED_EDGE ( 'NONE', *, *, #996, .T. ) ;
#326 = VECTOR ( 'NONE', #926, 1000.000000000000000 ) ;
#327 = LINE ( 'NONE', #1183, #144 ) ;
#328 = VERTEX_POINT ( 'NONE', #1050 ) ;
#329 = VERTEX_POINT ( 'NONE', #725 ) ;
#330 = CARTESIAN_POINT ( 'NONE',  ( 1.199999999999997513, -2.250000000000000444, 2.600000000000000089 ) ) ;
#331 =( LENGTH_UNIT ( ) NAMED_UNIT ( * ) SI_UNIT ( .MILLI., .METRE. ) );
#332 = ORIENTED_EDGE ( 'NONE', *, *, #1489, .T. ) ;
#333 = FILL_AREA_STYLE_COLOUR ( '', #1368 ) ;
#334 = ADVANCED_FACE ( 'NONE', ( #1084 ), #301, .F. ) ;
#335 = EDGE_LOOP ( 'NONE', ( #915, #1512, #930, #1278 ) ) ;
#336 = DIRECTION ( 'NONE',  ( 1.000000000000000000, 0.000000000000000000, 0.000000000000000000 ) ) ;
#337 = CIRCLE ( 'NONE', #75, 0.3000000000000016542 ) ;
#338 =( GEOMETRIC_REPRESENTATION_CONTEXT ( 3 ) GLOBAL_UNCERTAINTY_ASSIGNED_CONTEXT ( ( #488 ) ) GLOBAL_UNIT_ASSIGNED_CONTEXT ( ( #1, #1264, #631 ) ) REPRESENTATION_CONTEXT ( 'NONE', 'WORKASPACE' ) );
#339 = PRESENTATION_LAYER_ASSIGNMENT (  '', '', ( #441 ) ) ;
#340 = ORIENTED_EDGE ( 'NONE', *, *, #486, .F. ) ;
#341 = PRESENTATION_LAYER_ASSIGNMENT (  '', '', ( #1041 ) ) ;
#342 =( NAMED_UNIT ( * ) SI_UNIT ( $, .STERADIAN. ) SOLID_ANGLE_UNIT ( ) );
#343 = FACE_OUTER_BOUND ( 'NONE', #1184, .T. ) ;
#344 = PRESENTATION_STYLE_ASSIGNMENT (( #1077 ) ) ;
#345 =( LENGTH_UNIT ( ) NAMED_UNIT ( * ) SI_UNIT ( .MILLI., .METRE. ) );
#346 =( NAMED_UNIT ( * ) SI_UNIT ( $, .STERADIAN. ) SOLID_ANGLE_UNIT ( ) );
#347 = PRESENTATION_LAYER_ASSIGNMENT (  '', '', ( #948 ) ) ;
#348 = VERTEX_POINT ( 'NONE', #1305 ) ;
#349 = EDGE_CURVE ( 'NONE', #1378, #411, #169, .T. ) ;
#350 = FILL_AREA_STYLE_COLOUR ( '', #1363 ) ;
#351 = DIRECTION ( 'NONE',  ( -0.000000000000000000, -1.000000000000000000, 0.000000000000000000 ) ) ;
#352 = DIRECTION ( 'NONE',  ( -1.000000000000000000, 0.000000000000000000, -1.084202172485504237E-15 ) ) ;
#353 = DIRECTION ( 'NONE',  ( 1.445602896647339163E-16, -1.000000000000000000, 0.000000000000000000 ) ) ;
#354 = DIRECTION ( 'NONE',  ( -0.000000000000000000, 1.000000000000000000, -0.000000000000000000 ) ) ;
#355 = ORIENTED_EDGE ( 'NONE', *, *, #729, .F. ) ;
#356 = LINE ( 'NONE', #992, #1570 ) ;
#357 = EDGE_CURVE ( 'NONE', #527, #1360, #959, .T. ) ;
#358 = FACE_OUTER_BOUND ( 'NONE', #294, .T. ) ;
#359 = CARTESIAN_POINT ( 'NONE',  ( 2.750000000000000888, 0.3500000000000006994, 2.600000000000000089 ) ) ;
#360 = DIRECTION ( 'NONE',  ( 0.000000000000000000, 0.000000000000000000, -1.000000000000000000 ) ) ;
#361 = EDGE_CURVE ( 'NONE', #1017, #658, #1421, .T. ) ;
#362 = DIRECTION ( 'NONE',  ( -1.000000000000000000, -0.000000000000000000, -0.000000000000000000 ) ) ;
#363 = PLANE ( 'NONE',  #260 ) ;
#364 = CARTESIAN_POINT ( 'NONE',  ( -2.325000000000000178, -4.049999999999999822, 2.100000000000000089 ) ) ;
#365 = EDGE_CURVE ( 'NONE', #767, #671, #1326, .T. ) ;
#366 = FACE_BOUND ( 'NONE', #1150, .T. ) ;
#367 = CARTESIAN_POINT ( 'NONE',  ( 2.175000000000000266, -4.049999999999999822, 2.100000000000000089 ) ) ;
#368 = UNCERTAINTY_MEASURE_WITH_UNIT (LENGTH_MEASURE( 1.000000000000000082E-05 ), #345, 'distance_accuracy_value', 'NONE');
#369 = VECTOR ( 'NONE', #773, 1000.000000000000000 ) ;
#370 = DIRECTION ( 'NONE',  ( -0.7071067811865515695, -0.7071067811865434649, -0.000000000000000000 ) ) ;
#371 = ORIENTED_EDGE ( 'NONE', *, *, #1462, .T. ) ;
#372 = CLOSED_SHELL ( 'NONE', ( #1371, #1015, #20, #1028, #1107, #662, #1229, #578, #852, #51, #1074, #72, #1534, #1574, #594, #1306, #1413, #861, #770, #1386, #1406, #1523, #1174, #38, #792, #132, #1192, #1444, #277, #579, #266, #1350, #1589, #1347, #1501, #1095, #334, #648, #1466, #1026, #936, #1149, #1583 ) ) ;
#373 = LINE ( 'NONE', #472, #682 ) ;
#374 = CARTESIAN_POINT ( 'NONE',  ( 1.500000000000000000, -2.250000000000000444, 2.600000000000000089 ) ) ;
#375 = DIRECTION ( 'NONE',  ( -1.000000000000000000, -0.000000000000000000, -0.000000000000000000 ) ) ;
#376 = EDGE_LOOP ( 'NONE', ( #1059, #1140, #1016, #1139 ) ) ;
#377 = EDGE_CURVE ( 'NONE', #710, #527, #181, .T. ) ;
#378 = VECTOR ( 'NONE', #838, 1000.000000000000000 ) ;
#379 = DIRECTION ( 'NONE',  ( -1.000000000000000000, 0.000000000000000000, 0.000000000000000000 ) ) ;
#380 = STYLED_ITEM ( 'NONE', ( #719 ), #1133 ) ;
#381 = FACE_OUTER_BOUND ( 'NONE', #789, .T. ) ;
#382 = UNCERTAINTY_MEASURE_WITH_UNIT (LENGTH_MEASURE( 1.000000000000000082E-05 ), #1472, 'distance_accuracy_value', 'NONE');
#383 = DIRECTION ( 'NONE',  ( 0.000000000000000000, 0.000000000000000000, -1.000000000000000000 ) ) ;
#384 = CIRCLE ( 'NONE', #607, 0.5000000000000000000 ) ;
#385 = ORIENTED_EDGE ( 'NONE', *, *, #155, .T. ) ;
#386 = ORIENTED_EDGE ( 'NONE', *, *, #1186, .F. ) ;
#387 = COLOUR_RGB ( '',0.6862745098039215730, 0.6078431372549019107, 0.5294117647058823595 ) ;
#388 = VECTOR ( 'NONE', #714, 1000.000000000000000 ) ;
#389 = EDGE_CURVE ( 'NONE', #168, #573, #592, .T. ) ;
#390 =( GEOMETRIC_REPRESENTATION_CONTEXT ( 3 ) GLOBAL_UNCERTAINTY_ASSIGNED_CONTEXT ( ( #7 ) ) GLOBAL_UNIT_ASSIGNED_CONTEXT ( ( #280, #1375, #514 ) ) REPRESENTATION_CONTEXT ( 'NONE', 'WORKASPACE' ) );
#391 = SURFACE_STYLE_FILL_AREA ( #651 ) ;
#392 = DIRECTION ( 'NONE',  ( -1.000000000000000000, 0.000000000000000000, -0.000000000000000000 ) ) ;
#393 =( NAMED_UNIT ( * ) SI_UNIT ( $, .STERADIAN. ) SOLID_ANGLE_UNIT ( ) );
#394 = CARTESIAN_POINT ( 'NONE',  ( -1.500000000000000000, 0.7500000000000000000, 2.199999999999999734 ) ) ;
#395 = CARTESIAN_POINT ( 'NONE',  ( 1.724999999999992095, -1.725000000000011857, 2.600000000000000089 ) ) ;
#396 = ORIENTED_EDGE ( 'NONE', *, *, #443, .T. ) ;
#397 = ORIENTED_EDGE ( 'NONE', *, *, #361, .T. ) ;
#398 = EDGE_LOOP ( 'NONE', ( #62, #34, #1561, #145 ) ) ;
#399 = AXIS2_PLACEMENT_3D ( 'NONE', #814, #1064, #1535 ) ;
#400 = SURFACE_SIDE_STYLE ('',( #31 ) ) ;
#401 = CARTESIAN_POINT ( 'NONE',  ( -1.500000000000000000, 0.3500000000000005884, 2.600000000000000089 ) ) ;
#402 = SURFACE_STYLE_FILL_AREA ( #418 ) ;
#403 = VERTEX_POINT ( 'NONE', #998 ) ;
#404 = VERTEX_POINT ( 'NONE', #1220 ) ;
#405 = VECTOR ( 'NONE', #1394, 1000.000000000000000 ) ;
#406 = DIRECTION ( 'NONE',  ( -0.000000000000000000, 1.000000000000000000, -0.000000000000000000 ) ) ;
#407 = FILL_AREA_STYLE_COLOUR ( '', #624 ) ;
#408 =( NAMED_UNIT ( * ) PLANE_ANGLE_UNIT ( ) SI_UNIT ( $, .RADIAN. ) );
#409 =( GEOMETRIC_REPRESENTATION_CONTEXT ( 3 ) GLOBAL_UNCERTAINTY_ASSIGNED_CONTEXT ( ( #595 ) ) GLOBAL_UNIT_ASSIGNED_CONTEXT ( ( #129, #267, #522 ) ) REPRESENTATION_CONTEXT ( 'NONE', 'WORKASPACE' ) );
#410 = CARTESIAN_POINT ( 'NONE',  ( 0.000000000000000000, -4.850000000000000533, 2.049999999999999822 ) ) ;
#411 = VERTEX_POINT ( 'NONE', #252 ) ;
#412 = ORIENTED_EDGE ( 'NONE', *, *, #1315, .T. ) ;
#413 = CARTESIAN_POINT ( 'NONE',  ( -2.750000000000000888, -4.049999999999999822, 2.600000000000000089 ) ) ;
#414 = EDGE_CURVE ( 'NONE', #807, #833, #106, .T. ) ;
#415 = COLOUR_RGB ( '',0.6862745098039215730, 0.6078431372549019107, 0.5294117647058823595 ) ;
#416 = DIRECTION ( 'NONE',  ( -0.000000000000000000, -0.000000000000000000, -1.000000000000000000 ) ) ;
#417 = DIRECTION ( 'NONE',  ( -1.000000000000000000, 0.000000000000000000, -1.084202172485504631E-15 ) ) ;
#418 = FILL_AREA_STYLE ('',( #1401 ) ) ;
#419 = ORIENTED_EDGE ( 'NONE', *, *, #1207, .F. ) ;
#420 = UNCERTAINTY_MEASURE_WITH_UNIT (LENGTH_MEASURE( 1.000000000000000082E-05 ), #1333, 'distance_accuracy_value', 'NONE');
#421 = ORIENTED_EDGE ( 'NONE', *, *, #923, .T. ) ;
#422 = PLANE ( 'NONE',  #901 ) ;
#423 = PRODUCT_DEFINITION ( 'UNKNOWN', '', #1118, #1003 ) ;
#424 = FACE_OUTER_BOUND ( 'NONE', #1494, .T. ) ;
#425 = FILL_AREA_STYLE ('',( #407 ) ) ;
#426 =( LENGTH_UNIT ( ) NAMED_UNIT ( * ) SI_UNIT ( .MILLI., .METRE. ) );
#427 = ORIENTED_EDGE ( 'NONE', *, *, #1319, .T. ) ;
#428 = ORIENTED_EDGE ( 'NONE', *, *, #689, .T. ) ;
#429 =( NAMED_UNIT ( * ) PLANE_ANGLE_UNIT ( ) SI_UNIT ( $, .RADIAN. ) );
#430 = VECTOR ( 'NONE', #1286, 1000.000000000000000 ) ;
#431 = EDGE_CURVE ( 'NONE', #1474, #1309, #1108, .T. ) ;
#432 = CARTESIAN_POINT ( 'NONE',  ( -1.499999999999999556, -1.949999999999996625, 0.000000000000000000 ) ) ;
#433 = FILL_AREA_STYLE ('',( #1493 ) ) ;
#434 = EDGE_CURVE ( 'NONE', #866, #576, #869, .T. ) ;
#435 = CARTESIAN_POINT ( 'NONE',  ( -2.175000000000000266, -7.150000000000000355, 0.4999999999999996669 ) ) ;
#436 = DIRECTION ( 'NONE',  ( 0.000000000000000000, 0.000000000000000000, -1.000000000000000000 ) ) ;
#437 = ORIENTED_EDGE ( 'NONE', *, *, #1255, .F. ) ;
#438 = PRESENTATION_LAYER_ASSIGNMENT (  '', '', ( #233 ) ) ;
#439 = SURFACE_SIDE_STYLE ('',( #691 ) ) ;
#440 = ORIENTED_EDGE ( 'NONE', *, *, #1207, .T. ) ;
#441 = STYLED_ITEM ( 'NONE', ( #445 ), #1523 ) ;
#442 = LINE ( 'NONE', #413, #1194 ) ;
#443 = EDGE_CURVE ( 'NONE', #718, #951, #756, .T. ) ;
#444 = ORIENTED_EDGE ( 'NONE', *, *, #64, .T. ) ;
#445 = PRESENTATION_STYLE_ASSIGNMENT (( #1066 ) ) ;
#446 = VECTOR ( 'NONE', #1257, 1000.000000000000000 ) ;
#447 = FACE_OUTER_BOUND ( 'NONE', #720, .T. ) ;
#448 = DIRECTION ( 'NONE',  ( -0.000000000000000000, -0.000000000000000000, -1.000000000000000000 ) ) ;
#449 = ORIENTED_EDGE ( 'NONE', *, *, #689, .F. ) ;
#450 = STYLED_ITEM ( 'NONE', ( #1137 ), #1466 ) ;
#451 = VERTEX_POINT ( 'NONE', #1101 ) ;
#452 = CARTESIAN_POINT ( 'NONE',  ( -1.599999999999999423, -1.849999999999995870, 2.399999999999999023 ) ) ;
#453 = VECTOR ( 'NONE', #375, 1000.000000000000000 ) ;
#454 = EDGE_CURVE ( 'NONE', #671, #1259, #600, .T. ) ;
#455 = DIRECTION ( 'NONE',  ( 0.000000000000000000, 0.000000000000000000, 1.000000000000000000 ) ) ;
#456 = SURFACE_STYLE_USAGE ( .BOTH. , #571 ) ;
#457 = FILL_AREA_STYLE ('',( #1069 ) ) ;
#458 = EDGE_CURVE ( 'NONE', #576, #1053, #860, .T. ) ;
#459 = ORIENTED_EDGE ( 'NONE', *, *, #1085, .F. ) ;
#460 = AXIS2_PLACEMENT_3D ( 'NONE', #477, #932, #307 ) ;
#461 = ORIENTED_EDGE ( 'NONE', *, *, #1141, .T. ) ;
#462 = DIRECTION ( 'NONE',  ( 1.000000000000000000, 0.000000000000000000, 0.000000000000000000 ) ) ;
#463 = ORIENTED_EDGE ( 'NONE', *, *, #1361, .T. ) ;
#464 = DIRECTION ( 'NONE',  ( -0.000000000000000000, -0.000000000000000000, -1.000000000000000000 ) ) ;
#465 = PLANE ( 'NONE',  #1013 ) ;
#466 = DIRECTION ( 'NONE',  ( -0.000000000000000000, 0.000000000000000000, 1.000000000000000000 ) ) ;
#467 = DIRECTION ( 'NONE',  ( 1.445602896647339163E-16, -1.000000000000000000, 0.000000000000000000 ) ) ;
#468 = VECTOR ( 'NONE', #299, 1000.000000000000000 ) ;
#469 =( GEOMETRIC_REPRESENTATION_CONTEXT ( 3 ) GLOBAL_UNCERTAINTY_ASSIGNED_CONTEXT ( ( #1263 ) ) GLOBAL_UNIT_ASSIGNED_CONTEXT ( ( #1166, #61, #1308 ) ) REPRESENTATION_CONTEXT ( 'NONE', 'WORKASPACE' ) );
#470 = VECTOR ( 'NONE', #497, 1000.000000000000000 ) ;
#471 = CARTESIAN_POINT ( 'NONE',  ( 0.000000000000000000, -4.850000000000000533, 2.049999999999999822 ) ) ;
#472 = CARTESIAN_POINT ( 'NONE',  ( -2.174999999999999822, -4.049999999999999822, 2.100000000000000089 ) ) ;
#473 = STYLED_ITEM ( 'NONE', ( #59 ), #266 ) ;
#474 = PLANE ( 'NONE',  #1576 ) ;
#475 = DIRECTION ( 'NONE',  ( -1.000000000000000000, -1.445602896647339163E-16, 0.000000000000000000 ) ) ;
#476 = PRESENTATION_LAYER_ASSIGNMENT (  '', '', ( #1595 ) ) ;
#477 = CARTESIAN_POINT ( 'NONE',  ( -2.750000000000000888, 0.7500000000000000000, 2.600000000000000089 ) ) ;
#478 = EDGE_CURVE ( 'NONE', #411, #258, #1467, .T. ) ;
#479 = DIRECTION ( 'NONE',  ( -0.000000000000000000, 1.000000000000000000, -0.000000000000000000 ) ) ;
#480 = FILL_AREA_STYLE_COLOUR ( '', #1151 ) ;
#481 = CARTESIAN_POINT ( 'NONE',  ( 4.898587196589423552E-17, -4.850000000000000533, 1.749999999999998002 ) ) ;
#482 = ORIENTED_EDGE ( 'NONE', *, *, #996, .F. ) ;
#483 = EDGE_CURVE ( 'NONE', #215, #681, #1114, .T. ) ;
#484 = CARTESIAN_POINT ( 'NONE',  ( 1.500000000000000000, -1.950000000000001288, 2.600000000000000089 ) ) ;
#485 =( GEOMETRIC_REPRESENTATION_CONTEXT ( 3 ) GLOBAL_UNCERTAINTY_ASSIGNED_CONTEXT ( ( #271 ) ) GLOBAL_UNIT_ASSIGNED_CONTEXT ( ( #1031, #1388, #1155 ) ) REPRESENTATION_CONTEXT ( 'NONE', 'WORKASPACE' ) );
#486 = EDGE_CURVE ( 'NONE', #1259, #1481, #879, .T. ) ;
#487 = FILL_AREA_STYLE ('',( #480 ) ) ;
#488 = UNCERTAINTY_MEASURE_WITH_UNIT (LENGTH_MEASURE( 1.000000000000000082E-05 ), #1, 'distance_accuracy_value', 'NONE');
#489 = DIRECTION ( 'NONE',  ( -0.000000000000000000, -0.000000000000000000, -1.000000000000000000 ) ) ;
#490 =( LENGTH_UNIT ( ) NAMED_UNIT ( * ) SI_UNIT ( .MILLI., .METRE. ) );
#491 = EDGE_CURVE ( 'NONE', #672, #1343, #1351, .T. ) ;
#492 = VECTOR ( 'NONE', #406, 1000.000000000000000 ) ;
#493 = CARTESIAN_POINT ( 'NONE',  ( 0.000000000000000000, -4.049999999999999822, 2.049999999999999822 ) ) ;
#494 = CARTESIAN_POINT ( 'NONE',  ( 1.800000000000000044, -1.650000000000005018, 2.600000000000000089 ) ) ;
#495 = LINE ( 'NONE', #243, #1557 ) ;
#496 = EDGE_LOOP ( 'NONE', ( #340, #1505, #898, #1431 ) ) ;
#497 = DIRECTION ( 'NONE',  ( -0.000000000000000000, 1.000000000000000000, -0.000000000000000000 ) ) ;
#498 = LINE ( 'NONE', #149, #969 ) ;
#499 = EDGE_CURVE ( 'NONE', #615, #866, #988, .T. ) ;
#500 = FILL_AREA_STYLE ('',( #935 ) ) ;
#501 = VECTOR ( 'NONE', #657, 1000.000000000000000 ) ;
#502 = EDGE_CURVE ( 'NONE', #833, #1527, #356, .T. ) ;
#503 =( NAMED_UNIT ( * ) SI_UNIT ( $, .STERADIAN. ) SOLID_ANGLE_UNIT ( ) );
#504 = ORIENTED_EDGE ( 'NONE', *, *, #491, .F. ) ;
#505 =( NAMED_UNIT ( * ) SI_UNIT ( $, .STERADIAN. ) SOLID_ANGLE_UNIT ( ) );
#506 = PLANE ( 'NONE',  #1123 ) ;
#507 = DIRECTION ( 'NONE',  ( -0.000000000000000000, 1.000000000000000000, 0.000000000000000000 ) ) ;
#508 = ORIENTED_EDGE ( 'NONE', *, *, #443, .F. ) ;
#509 = EDGE_CURVE ( 'NONE', #1167, #258, #123, .T. ) ;
#510 =( GEOMETRIC_REPRESENTATION_CONTEXT ( 3 ) GLOBAL_UNCERTAINTY_ASSIGNED_CONTEXT ( ( #420 ) ) GLOBAL_UNIT_ASSIGNED_CONTEXT ( ( #1333, #1449, #1334 ) ) REPRESENTATION_CONTEXT ( 'NONE', 'WORKASPACE' ) );
#511 = DIRECTION ( 'NONE',  ( -0.000000000000000000, 1.000000000000000000, -0.000000000000000000 ) ) ;
#512 = PRESENTATION_LAYER_ASSIGNMENT (  '', '', ( #380 ) ) ;
#513 = LINE ( 'NONE', #1011, #193 ) ;
#514 =( NAMED_UNIT ( * ) SI_UNIT ( $, .STERADIAN. ) SOLID_ANGLE_UNIT ( ) );
#515 = PRESENTATION_STYLE_ASSIGNMENT (( #766 ) ) ;
#516 = ORIENTED_EDGE ( 'NONE', *, *, #269, .F. ) ;
#517 = ORIENTED_EDGE ( 'NONE', *, *, #878, .F. ) ;
#518 = PRESENTATION_LAYER_ASSIGNMENT (  '', '', ( #1295 ) ) ;
#519 = ORIENTED_EDGE ( 'NONE', *, *, #97, .F. ) ;
#520 =( GEOMETRIC_REPRESENTATION_CONTEXT ( 3 ) GLOBAL_UNCERTAINTY_ASSIGNED_CONTEXT ( ( #1157 ) ) GLOBAL_UNIT_ASSIGNED_CONTEXT ( ( #591, #313, #1325 ) ) REPRESENTATION_CONTEXT ( 'NONE', 'WORKASPACE' ) );
#521 =( GEOMETRIC_REPRESENTATION_CONTEXT ( 3 ) GLOBAL_UNCERTAINTY_ASSIGNED_CONTEXT ( ( #368 ) ) GLOBAL_UNIT_ASSIGNED_CONTEXT ( ( #345, #849, #977 ) ) REPRESENTATION_CONTEXT ( 'NONE', 'WORKASPACE' ) );
#522 =( NAMED_UNIT ( * ) SI_UNIT ( $, .STERADIAN. ) SOLID_ANGLE_UNIT ( ) );
#523 = CARTESIAN_POINT ( 'NONE',  ( 2.174999999999999822, -7.150000000000000355, 0.5000000000000000000 ) ) ;
#524 = CARTESIAN_POINT ( 'NONE',  ( -2.174999999999999822, -4.049999999999999822, 2.100000000000000089 ) ) ;
#525 = SURFACE_STYLE_FILL_AREA ( #500 ) ;
#526 = DIRECTION ( 'NONE',  ( -0.000000000000000000, 1.000000000000000000, -0.000000000000000000 ) ) ;
#527 = VERTEX_POINT ( 'NONE', #1120 ) ;
#528 = ORIENTED_EDGE ( 'NONE', *, *, #972, .F. ) ;
#529 = AXIS2_PLACEMENT_3D ( 'NONE', #734, #740, #1415 ) ;
#530 = DIRECTION ( 'NONE',  ( 0.000000000000000000, 0.000000000000000000, 1.000000000000000000 ) ) ;
#531 = FILL_AREA_STYLE_COLOUR ( '', #44 ) ;
#532 = CARTESIAN_POINT ( 'NONE',  ( -2.750000000000000888, 0.7500000000000000000, 2.199999999999999734 ) ) ;
#533 = DIRECTION ( 'NONE',  ( 0.000000000000000000, 1.000000000000000000, 0.000000000000000000 ) ) ;
#534 = ORIENTED_EDGE ( 'NONE', *, *, #566, .F. ) ;
#535 = ORIENTED_EDGE ( 'NONE', *, *, #101, .T. ) ;
#536 = FACE_OUTER_BOUND ( 'NONE', #606, .T. ) ;
#537 = AXIS2_PLACEMENT_3D ( 'NONE', #374, #880, #1365 ) ;
#538 = LINE ( 'NONE', #1547, #208 ) ;
#539 = LINE ( 'NONE', #1529, #668 ) ;
#540 =( GEOMETRIC_REPRESENTATION_CONTEXT ( 3 ) GLOBAL_UNCERTAINTY_ASSIGNED_CONTEXT ( ( #217 ) ) GLOBAL_UNIT_ASSIGNED_CONTEXT ( ( #663, #1482, #37 ) ) REPRESENTATION_CONTEXT ( 'NONE', 'WORKASPACE' ) );
#541 = MECHANICAL_DESIGN_GEOMETRIC_PRESENTATION_REPRESENTATION (  '', ( #674 ), #848 ) ;
#542 = MECHANICAL_DESIGN_GEOMETRIC_PRESENTATION_REPRESENTATION (  '', ( #1037 ), #469 ) ;
#543 = ORIENTED_EDGE ( 'NONE', *, *, #638, .F. ) ;
#544 = ORIENTED_EDGE ( 'NONE', *, *, #458, .T. ) ;
#545 = VECTOR ( 'NONE', #982, 1000.000000000000000 ) ;
#546 = DIRECTION ( 'NONE',  ( 1.000000000000000000, -0.000000000000000000, -0.000000000000000000 ) ) ;
#547 = DIRECTION ( 'NONE',  ( 0.000000000000000000, -0.000000000000000000, -1.000000000000000000 ) ) ;
#548 = EDGE_LOOP ( 'NONE', ( #1142, #543, #665, #95 ) ) ;
#549 = VECTOR ( 'NONE', #1103, 1000.000000000000114 ) ;
#550 = DIRECTION ( 'NONE',  ( -0.000000000000000000, -0.000000000000000000, -1.000000000000000000 ) ) ;
#551 = CARTESIAN_POINT ( 'NONE',  ( -2.174999999999999822, -7.150000000000000355, 0.09999999999999971412 ) ) ;
#552 = VERTEX_POINT ( 'NONE', #98 ) ;
#553 = DIRECTION ( 'NONE',  ( 0.000000000000000000, 0.000000000000000000, 1.000000000000000000 ) ) ;
#554 = EDGE_CURVE ( 'NONE', #1470, #718, #1228, .T. ) ;
#555 = ORIENTED_EDGE ( 'NONE', *, *, #1008, .F. ) ;
#556 = LINE ( 'NONE', #1063, #68 ) ;
#557 = FACE_BOUND ( 'NONE', #1106, .T. ) ;
#558 = CARTESIAN_POINT ( 'NONE',  ( -2.750000000000000888, 0.7500000000000000000, 0.000000000000000000 ) ) ;
#559 = SURFACE_SIDE_STYLE ('',( #525 ) ) ;
#560 = CARTESIAN_POINT ( 'NONE',  ( 2.174999999999999822, -4.049999999999999822, 0.09999999999999993616 ) ) ;
#561 = DIRECTION ( 'NONE',  ( -0.000000000000000000, 1.000000000000000000, 0.000000000000000000 ) ) ;
#562 = EDGE_CURVE ( 'NONE', #258, #1167, #384, .T. ) ;
#563 = ORIENTED_EDGE ( 'NONE', *, *, #1497, .T. ) ;
#564 = LINE ( 'NONE', #1072, #1545 ) ;
#565 = ORIENTED_EDGE ( 'NONE', *, *, #109, .T. ) ;
#566 = EDGE_CURVE ( 'NONE', #152, #328, #373, .T. ) ;
#567 = DIRECTION ( 'NONE',  ( -1.084202172485504040E-15, 0.000000000000000000, 1.000000000000000000 ) ) ;
#568 = DIRECTION ( 'NONE',  ( 0.000000000000000000, 0.000000000000000000, -1.000000000000000000 ) ) ;
#569 = SURFACE_STYLE_FILL_AREA ( #1417 ) ;
#570 = CARTESIAN_POINT ( 'NONE',  ( -2.174999999999999822, -4.049999999999999822, 0.09999999999999971412 ) ) ;
#571 = SURFACE_SIDE_STYLE ('',( #847 ) ) ;
#572 = DIRECTION ( 'NONE',  ( 0.5773502691896245098, -0.5773502691896298389, 0.5773502691896227335 ) ) ;
#573 = VERTEX_POINT ( 'NONE', #1364 ) ;
#574 = VECTOR ( 'NONE', #290, 999.9999999999998863 ) ;
#575 = CARTESIAN_POINT ( 'NONE',  ( 2.175000000000000266, -7.150000000000000355, 2.499999999999999556 ) ) ;
#576 = VERTEX_POINT ( 'NONE', #976 ) ;
#577 = DIRECTION ( 'NONE',  ( -1.000000000000000000, 0.000000000000000000, 0.000000000000000000 ) ) ;
#578 = ADVANCED_FACE ( 'NONE', ( #749 ), #1239, .F. ) ;
#579 = ADVANCED_FACE ( 'NONE', ( #1338 ), #727, .F. ) ;
#580 =( NAMED_UNIT ( * ) SI_UNIT ( $, .STERADIAN. ) SOLID_ANGLE_UNIT ( ) );
#581 = DIRECTION ( 'NONE',  ( 0.000000000000000000, 0.000000000000000000, -1.000000000000000000 ) ) ;
#582 = CARTESIAN_POINT ( 'NONE',  ( -1.499999999999999556, -2.250000000000000444, 0.000000000000000000 ) ) ;
#583 = CARTESIAN_POINT ( 'NONE',  ( 1.500000000000000000, 0.6500000000000010214, 2.299999999999998934 ) ) ;
#584 = ORIENTED_EDGE ( 'NONE', *, *, #91, .F. ) ;
#585 = CARTESIAN_POINT ( 'NONE',  ( -1.499999999999999556, -1.949999999999996625, 2.600000000000000089 ) ) ;
#586 = ORIENTED_EDGE ( 'NONE', *, *, #138, .F. ) ;
#587 = LINE ( 'NONE', #1089, #943 ) ;
#588 = ORIENTED_EDGE ( 'NONE', *, *, #1135, .T. ) ;
#589 = COLOUR_RGB ( '',0.6862745098039215730, 0.6078431372549019107, 0.5294117647058823595 ) ;
#590 =( NAMED_UNIT ( * ) PLANE_ANGLE_UNIT ( ) SI_UNIT ( $, .RADIAN. ) );
#591 =( LENGTH_UNIT ( ) NAMED_UNIT ( * ) SI_UNIT ( .MILLI., .METRE. ) );
#592 = LINE ( 'NONE', #1565, #257 ) ;
#593 = DIRECTION ( 'NONE',  ( 0.7071067811865515695, 0.7071067811865434649, -0.000000000000000000 ) ) ;
#594 = ADVANCED_FACE ( 'NONE', ( #1027 ), #1002, .F. ) ;
#595 = UNCERTAINTY_MEASURE_WITH_UNIT (LENGTH_MEASURE( 1.000000000000000082E-05 ), #129, 'distance_accuracy_value', 'NONE');
#596 = ORIENTED_EDGE ( 'NONE', *, *, #198, .F. ) ;
#597 = CARTESIAN_POINT ( 'NONE',  ( 0.000000000000000000, 0.3500000000000006994, 2.600000000000000089 ) ) ;
#598 = VERTEX_POINT ( 'NONE', #11 ) ;
#599 = CARTESIAN_POINT ( 'NONE',  ( 2.174999999999999822, -7.150000000000000355, 0.5000000000000000000 ) ) ;
#600 = LINE ( 'NONE', #1471, #757 ) ;
#601 = DIRECTION ( 'NONE',  ( 0.000000000000000000, 0.000000000000000000, 1.000000000000000000 ) ) ;
#602 = DIRECTION ( 'NONE',  ( -1.000000000000000000, 0.000000000000000000, 0.000000000000000000 ) ) ;
#603 = VECTOR ( 'NONE', #715, 1000.000000000000000 ) ;
#604 = FILL_AREA_STYLE ('',( #1179 ) ) ;
#605 = AXIS2_PLACEMENT_3D ( 'NONE', #330, #210, #1284 ) ;
#606 = EDGE_LOOP ( 'NONE', ( #1081, #209, #1071, #921 ) ) ;
#607 = AXIS2_PLACEMENT_3D ( 'NONE', #493, #351, #742 ) ;
#608 = AXIS2_PLACEMENT_3D ( 'NONE', #1104, #1581, #219 ) ;
#609 = DIRECTION ( 'NONE',  ( -1.084202172485504631E-15, 0.000000000000000000, 1.000000000000000000 ) ) ;
#610 = COLOUR_RGB ( '',0.6862745098039215730, 0.6078431372549019107, 0.5294117647058823595 ) ;
#611 = CARTESIAN_POINT ( 'NONE',  ( 2.175000000000000266, -7.150000000000000355, 2.100000000000000089 ) ) ;
#612 =( LENGTH_UNIT ( ) NAMED_UNIT ( * ) SI_UNIT ( .MILLI., .METRE. ) );
#613 =( NAMED_UNIT ( * ) PLANE_ANGLE_UNIT ( ) SI_UNIT ( $, .RADIAN. ) );
#614 = VECTOR ( 'NONE', #464, 1000.000000000000000 ) ;
#615 = VERTEX_POINT ( 'NONE', #1038 ) ;
#616 = VERTEX_POINT ( 'NONE', #885 ) ;
#617 = EDGE_CURVE ( 'NONE', #573, #1506, #1372, .T. ) ;
#618 = CARTESIAN_POINT ( 'NONE',  ( -2.174999999999999822, -4.049999999999999822, 0.09999999999999971412 ) ) ;
#619 = EDGE_CURVE ( 'NONE', #829, #1378, #910, .T. ) ;
#620 = PLANE ( 'NONE',  #19 ) ;
#621 = VECTOR ( 'NONE', #567, 1000.000000000000000 ) ;
#622 =( NAMED_UNIT ( * ) PLANE_ANGLE_UNIT ( ) SI_UNIT ( $, .RADIAN. ) );
#623 = CARTESIAN_POINT ( 'NONE',  ( 1.500000000000000000, 0.7500000000000000000, 0.000000000000000000 ) ) ;
#624 = COLOUR_RGB ( '',0.6862745098039215730, 0.6078431372549019107, 0.5294117647058823595 ) ;
#625 =( NAMED_UNIT ( * ) PLANE_ANGLE_UNIT ( ) SI_UNIT ( $, .RADIAN. ) );
#626 = ORIENTED_EDGE ( 'NONE', *, *, #483, .F. ) ;
#627 = AXIS2_PLACEMENT_3D ( 'NONE', #1275, #148, #1491 ) ;
#628 =( GEOMETRIC_REPRESENTATION_CONTEXT ( 3 ) GLOBAL_UNCERTAINTY_ASSIGNED_CONTEXT ( ( #382 ) ) GLOBAL_UNIT_ASSIGNED_CONTEXT ( ( #1472, #268, #505 ) ) REPRESENTATION_CONTEXT ( 'NONE', 'WORKASPACE' ) );
#629 = EDGE_CURVE ( 'NONE', #960, #598, #1385, .T. ) ;
#630 = DIRECTION ( 'NONE',  ( 0.000000000000000000, 0.000000000000000000, 1.000000000000000000 ) ) ;
#631 =( NAMED_UNIT ( * ) SI_UNIT ( $, .STERADIAN. ) SOLID_ANGLE_UNIT ( ) );
#632 = FILL_AREA_STYLE ('',( #9 ) ) ;
#633 = ORIENTED_EDGE ( 'NONE', *, *, #246, .T. ) ;
#634 = STYLED_ITEM ( 'NONE', ( #176 ), #1501 ) ;
#635 = CARTESIAN_POINT ( 'NONE',  ( 0.000000000000000000, -7.150000000000000355, 0.000000000000000000 ) ) ;
#636 = UNCERTAINTY_MEASURE_WITH_UNIT (LENGTH_MEASURE( 1.000000000000000082E-05 ), #1115, 'distance_accuracy_value', 'NONE');
#637 = APPLICATION_CONTEXT ( 'automotive_design' ) ;
#638 = EDGE_CURVE ( 'NONE', #1253, #281, #1498, .T. ) ;
#639 =( NAMED_UNIT ( * ) SI_UNIT ( $, .STERADIAN. ) SOLID_ANGLE_UNIT ( ) );
#640 = CARTESIAN_POINT ( 'NONE',  ( 2.175000000000000266, -4.049999999999999822, 2.499999999999999556 ) ) ;
#641 = EDGE_LOOP ( 'NONE', ( #385, #1078, #1392, #1582 ) ) ;
#642 = DIRECTION ( 'NONE',  ( -0.000000000000000000, -0.000000000000000000, -1.000000000000000000 ) ) ;
#643 = VECTOR ( 'NONE', #288, 1000.000000000000114 ) ;
#644 = DIRECTION ( 'NONE',  ( -0.000000000000000000, 1.000000000000000000, -0.000000000000000000 ) ) ;
#645 = CARTESIAN_POINT ( 'NONE',  ( -1.800000000000000266, 0.7500000000000000000, 0.000000000000000000 ) ) ;
#646 = ORIENTED_EDGE ( 'NONE', *, *, #414, .T. ) ;
#647 = ORIENTED_EDGE ( 'NONE', *, *, #357, .F. ) ;
#648 = ADVANCED_FACE ( 'NONE', ( #1143 ), #784, .F. ) ;
#649 = ORIENTED_EDGE ( 'NONE', *, *, #1418, .F. ) ;
#650 =( GEOMETRIC_REPRESENTATION_CONTEXT ( 3 ) GLOBAL_UNCERTAINTY_ASSIGNED_CONTEXT ( ( #1061 ) ) GLOBAL_UNIT_ASSIGNED_CONTEXT ( ( #324, #223, #1530 ) ) REPRESENTATION_CONTEXT ( 'NONE', 'WORKASPACE' ) );
#651 = FILL_AREA_STYLE ('',( #1399 ) ) ;
#652 = AXIS2_PLACEMENT_3D ( 'NONE', #1411, #920, #204 ) ;
#653 = PLANE ( 'NONE',  #202 ) ;
#654 = PLANE ( 'NONE',  #259 ) ;
#655 = CARTESIAN_POINT ( 'NONE',  ( 2.175000000000000266, -7.150000000000000355, 2.100000000000000089 ) ) ;
#656 = EDGE_CURVE ( 'NONE', #616, #411, #815, .T. ) ;
#657 = DIRECTION ( 'NONE',  ( -0.000000000000000000, 1.000000000000000000, -0.000000000000000000 ) ) ;
#658 = VERTEX_POINT ( 'NONE', #175 ) ;
#659 = VECTOR ( 'NONE', #336, 1000.000000000000000 ) ;
#660 = ORIENTED_EDGE ( 'NONE', *, *, #1580, .F. ) ;
#661 = CONICAL_SURFACE ( 'NONE', #762, 0.3000000000000016542, 0.7853981633974473908 ) ;
#662 = ADVANCED_FACE ( 'NONE', ( #424 ), #924, .F. ) ;
#663 =( LENGTH_UNIT ( ) NAMED_UNIT ( * ) SI_UNIT ( .MILLI., .METRE. ) );
#664 = DIRECTION ( 'NONE',  ( -0.000000000000000000, -0.000000000000000000, -1.000000000000000000 ) ) ;
#665 = ORIENTED_EDGE ( 'NONE', *, *, #317, .F. ) ;
#666 = ORIENTED_EDGE ( 'NONE', *, *, #1067, .T. ) ;
#667 = PLANE ( 'NONE',  #1341 ) ;
#668 = VECTOR ( 'NONE', #804, 1000.000000000000000 ) ;
#669 = LINE ( 'NONE', #1172, #1227 ) ;
#670 = PRESENTATION_STYLE_ASSIGNMENT (( #795 ) ) ;
#671 = VERTEX_POINT ( 'NONE', #1416 ) ;
#672 = VERTEX_POINT ( 'NONE', #558 ) ;
#673 = DIRECTION ( 'NONE',  ( -0.000000000000000000, 1.000000000000000000, -0.000000000000000000 ) ) ;
#674 = STYLED_ITEM ( 'NONE', ( #836 ), #1350 ) ;
#675 = CARTESIAN_POINT ( 'NONE',  ( -2.750000000000000888, 0.7500000000000000000, 2.199999999999999734 ) ) ;
#676 = DIRECTION ( 'NONE',  ( -0.000000000000000000, -0.7071067811865483499, -0.7071067811865467956 ) ) ;
#677 = CARTESIAN_POINT ( 'NONE',  ( -2.750000000000000888, -4.049999999999999822, 2.600000000000000089 ) ) ;
#678 = EDGE_CURVE ( 'NONE', #328, #275, #1546, .T. ) ;
#679 = DIRECTION ( 'NONE',  ( -0.000000000000000000, 1.000000000000000000, -0.000000000000000000 ) ) ;
#680 = ORIENTED_EDGE ( 'NONE', *, *, #321, .F. ) ;
#681 = VERTEX_POINT ( 'NONE', #675 ) ;
#682 = VECTOR ( 'NONE', #247, 1000.000000000000000 ) ;
#683 = CARTESIAN_POINT ( 'NONE',  ( 2.750000000000000888, 0.7500000000000000000, 0.000000000000000000 ) ) ;
#684 = VECTOR ( 'NONE', #1270, 1000.000000000000000 ) ;
#685 = CARTESIAN_POINT ( 'NONE',  ( 1.500000000000000000, -1.950000000000001288, 0.2999999999999990452 ) ) ;
#686 =( LENGTH_UNIT ( ) NAMED_UNIT ( * ) SI_UNIT ( .MILLI., .METRE. ) );
#687 = VECTOR ( 'NONE', #593, 1000.000000000000114 ) ;
#688 = DIRECTION ( 'NONE',  ( -1.445602896647339163E-16, 1.000000000000000000, 0.000000000000000000 ) ) ;
#689 = EDGE_CURVE ( 'NONE', #1017, #1470, #1280, .T. ) ;
#690 = EDGE_LOOP ( 'NONE', ( #952, #1177, #104, #1377, #1513, #504, #584, #1404, #1206, #1258 ) ) ;
#691 = SURFACE_STYLE_FILL_AREA ( #216 ) ;
#692 = ORIENTED_EDGE ( 'NONE', *, *, #1135, .F. ) ;
#693 = LINE ( 'NONE', #1465, #112 ) ;
#694 = DIRECTION ( 'NONE',  ( -0.000000000000000000, -0.000000000000000000, -1.000000000000000000 ) ) ;
#695 = DIRECTION ( 'NONE',  ( 0.000000000000000000, -0.000000000000000000, 1.000000000000000000 ) ) ;
#696 = AXIS2_PLACEMENT_3D ( 'NONE', #1312, #360, #1348 ) ;
#697 =( NAMED_UNIT ( * ) SI_UNIT ( $, .STERADIAN. ) SOLID_ANGLE_UNIT ( ) );
#698 = DIRECTION ( 'NONE',  ( -0.7071067811865441310, 0.7071067811865507924, -0.000000000000000000 ) ) ;
#699 = ORIENTED_EDGE ( 'NONE', *, *, #778, .F. ) ;
#700 = CARTESIAN_POINT ( 'NONE',  ( 0.000000000000000000, -4.850000000000000533, 2.049999999999999822 ) ) ;
#701 = ORIENTED_EDGE ( 'NONE', *, *, #923, .F. ) ;
#702 = DIRECTION ( 'NONE',  ( -1.000000000000000000, 0.000000000000000000, -0.000000000000000000 ) ) ;
#703 = AXIS2_PLACEMENT_3D ( 'NONE', #1163, #1398, #1185 ) ;
#704 = ORIENTED_EDGE ( 'NONE', *, *, #776, .F. ) ;
#705 = VECTOR ( 'NONE', #779, 1000.000000000000000 ) ;
#706 = DIRECTION ( 'NONE',  ( -1.000000000000000000, 0.000000000000000000, 0.000000000000000000 ) ) ;
#707 = DIRECTION ( 'NONE',  ( -1.000000000000000000, 0.000000000000000000, 0.000000000000000000 ) ) ;
#708 = CARTESIAN_POINT ( 'NONE',  ( 0.000000000000000000, -4.650000000000001243, 2.049999999999999822 ) ) ;
#709 = ORIENTED_EDGE ( 'NONE', *, *, #64, .F. ) ;
#710 = VERTEX_POINT ( 'NONE', #800 ) ;
#711 = EDGE_LOOP ( 'NONE', ( #1299, #1316, #904, #586, #626 ) ) ;
#712 = DIRECTION ( 'NONE',  ( 0.000000000000000000, 1.000000000000000000, 0.000000000000000000 ) ) ;
#713 = EDGE_CURVE ( 'NONE', #829, #616, #337, .T. ) ;
#714 = DIRECTION ( 'NONE',  ( -0.000000000000000000, -0.000000000000000000, -1.000000000000000000 ) ) ;
#715 = DIRECTION ( 'NONE',  ( 1.000000000000000000, 0.000000000000000000, 0.000000000000000000 ) ) ;
#716 = VECTOR ( 'NONE', #255, 1000.000000000000000 ) ;
#717 = DIRECTION ( 'NONE',  ( -0.7071067811865484609, -1.022195611122250658E-16, -0.7071067811865466846 ) ) ;
#718 = VERTEX_POINT ( 'NONE', #685 ) ;
#719 = PRESENTATION_STYLE_ASSIGNMENT (( #1571 ) ) ;
#720 = EDGE_LOOP ( 'NONE', ( #1389, #1125, #914, #768 ) ) ;
#721 = PLANE ( 'NONE',  #1226 ) ;
#722 = ORIENTED_EDGE ( 'NONE', *, *, #678, .T. ) ;
#723 = AXIS2_PLACEMENT_3D ( 'NONE', #272, #143, #383 ) ;
#724 = CARTESIAN_POINT ( 'NONE',  ( 2.750000000000000888, -4.049999999999999822, 2.600000000000000089 ) ) ;
#725 = CARTESIAN_POINT ( 'NONE',  ( -2.325000000000000178, -7.150000000000000355, 2.100000000000000089 ) ) ;
#726 = FACE_OUTER_BOUND ( 'NONE', #961, .T. ) ;
#727 = PLANE ( 'NONE',  #907 ) ;
#728 = FACE_OUTER_BOUND ( 'NONE', #1277, .T. ) ;
#729 = EDGE_CURVE ( 'NONE', #124, #1053, #1170, .T. ) ;
#730 = DIRECTION ( 'NONE',  ( 0.000000000000000000, 0.000000000000000000, 1.000000000000000000 ) ) ;
#731 = FACE_OUTER_BOUND ( 'NONE', #1062, .T. ) ;
#732 = EDGE_CURVE ( 'NONE', #1307, #329, #1526, .T. ) ;
#733 = AXIS2_PLACEMENT_3D ( 'NONE', #89, #466, #191 ) ;
#734 = CARTESIAN_POINT ( 'NONE',  ( -2.325000000000000178, -7.150000000000000355, 2.100000000000000089 ) ) ;
#735 = EDGE_LOOP ( 'NONE', ( #1495, #709, #1195, #421 ) ) ;
#736 = EDGE_CURVE ( 'NONE', #598, #1329, #298, .T. ) ;
#737 = DIRECTION ( 'NONE',  ( -0.000000000000000000, -0.000000000000000000, -1.000000000000000000 ) ) ;
#738 = VECTOR ( 'NONE', #664, 1000.000000000000000 ) ;
#739 = MECHANICAL_DESIGN_GEOMETRIC_PRESENTATION_REPRESENTATION (  '', ( #1595 ), #521 ) ;
#740 = DIRECTION ( 'NONE',  ( -0.000000000000000000, 0.000000000000000000, 1.000000000000000000 ) ) ;
#741 = VECTOR ( 'NONE', #167, 1000.000000000000000 ) ;
#742 = DIRECTION ( 'NONE',  ( 0.000000000000000000, 0.000000000000000000, 1.000000000000000000 ) ) ;
#743 = CARTESIAN_POINT ( 'NONE',  ( -2.325000000000000178, -7.150000000000000355, 0.4999999999999996669 ) ) ;
#744 = EDGE_CURVE ( 'NONE', #134, #710, #308, .T. ) ;
#745 = DIRECTION ( 'NONE',  ( -0.7071067811865465735, 0.000000000000000000, -0.7071067811865485719 ) ) ;
#746 = MECHANICAL_DESIGN_GEOMETRIC_PRESENTATION_REPRESENTATION (  '', ( #1357 ), #944 ) ;
#747 = VERTEX_POINT ( 'NONE', #1340 ) ;
#748 = EDGE_CURVE ( 'NONE', #1014, #152, #978, .T. ) ;
#749 = FACE_OUTER_BOUND ( 'NONE', #53, .T. ) ;
#750 = PLANE ( 'NONE',  #105 ) ;
#751 =( GEOMETRIC_REPRESENTATION_CONTEXT ( 3 ) GLOBAL_UNCERTAINTY_ASSIGNED_CONTEXT ( ( #994 ) ) GLOBAL_UNIT_ASSIGNED_CONTEXT ( ( #1428, #1057, #697 ) ) REPRESENTATION_CONTEXT ( 'NONE', 'WORKASPACE' ) );
#752 = DIRECTION ( 'NONE',  ( -0.000000000000000000, 1.000000000000000000, -0.000000000000000000 ) ) ;
#753 = ORIENTED_EDGE ( 'NONE', *, *, #1007, .F. ) ;
#754 = STYLED_ITEM ( 'NONE', ( #1499 ), #1192 ) ;
#755 =( GEOMETRIC_REPRESENTATION_CONTEXT ( 3 ) GLOBAL_UNCERTAINTY_ASSIGNED_CONTEXT ( ( #1019 ) ) GLOBAL_UNIT_ASSIGNED_CONTEXT ( ( #1203, #1060, #1052 ) ) REPRESENTATION_CONTEXT ( 'NONE', 'WORKASPACE' ) );
#756 = LINE ( 'NONE', #484, #845 ) ;
#757 = VECTOR ( 'NONE', #479, 1000.000000000000000 ) ;
#758 = LINE ( 'NONE', #1483, #1588 ) ;
#759 = SURFACE_STYLE_USAGE ( .BOTH. , #559 ) ;
#760 = DIRECTION ( 'NONE',  ( 0.000000000000000000, 0.000000000000000000, 1.000000000000000000 ) ) ;
#761 = ORIENTED_EDGE ( 'NONE', *, *, #1255, .T. ) ;
#762 = AXIS2_PLACEMENT_3D ( 'NONE', #471, #975, #455 ) ;
#763 = DIRECTION ( 'NONE',  ( 1.445602896647339163E-16, -1.000000000000000000, 0.000000000000000000 ) ) ;
#764 = SURFACE_STYLE_USAGE ( .BOTH. , #8 ) ;
#765 = CARTESIAN_POINT ( 'NONE',  ( 1.500000000000000000, 0.7499999999999998890, 0.2999999999999990452 ) ) ;
#766 = SURFACE_STYLE_USAGE ( .BOTH. , #1005 ) ;
#767 = VERTEX_POINT ( 'NONE', #1321 ) ;
#768 = ORIENTED_EDGE ( 'NONE', *, *, #638, .T. ) ;
#769 = ORIENTED_EDGE ( 'NONE', *, *, #227, .F. ) ;
#770 = ADVANCED_FACE ( 'NONE', ( #726 ), #721, .T. ) ;
#771 = LINE ( 'NONE', #1265, #1025 ) ;
#772 = CARTESIAN_POINT ( 'NONE',  ( -1.199999999999998845, -2.250000000000000444, 2.600000000000000089 ) ) ;
#773 = DIRECTION ( 'NONE',  ( -1.000000000000000000, -0.000000000000000000, -0.000000000000000000 ) ) ;
#774 = ORIENTED_EDGE ( 'NONE', *, *, #1007, .T. ) ;
#775 = ORIENTED_EDGE ( 'NONE', *, *, #981, .T. ) ;
#776 = EDGE_CURVE ( 'NONE', #1307, #275, #93, .T. ) ;
#777 = VECTOR ( 'NONE', #1065, 999.9999999999998863 ) ;
#778 = EDGE_CURVE ( 'NONE', #403, #552, #230, .T. ) ;
#779 = DIRECTION ( 'NONE',  ( -1.000000000000000000, -0.000000000000000000, -0.000000000000000000 ) ) ;
#780 = LINE ( 'NONE', #1030, #326 ) ;
#781 = PLANE ( 'NONE',  #929 ) ;
#782 = VERTEX_POINT ( 'NONE', #1458 ) ;
#783 = ORIENTED_EDGE ( 'NONE', *, *, #1362, .T. ) ;
#784 = PLANE ( 'NONE',  #627 ) ;
#785 = DIRECTION ( 'NONE',  ( 1.022195611122248316E-16, -0.7071067811865467956, 0.7071067811865483499 ) ) ;
#786 = PLANE ( 'NONE',  #703 ) ;
#787 = ORIENTED_EDGE ( 'NONE', *, *, #981, .F. ) ;
#788 = VECTOR ( 'NONE', #1252, 1000.000000000000000 ) ;
#789 = EDGE_LOOP ( 'NONE', ( #371, #1524, #753, #928 ) ) ;
#790 = LINE ( 'NONE', #683, #859 ) ;
#791 = EDGE_CURVE ( 'NONE', #1506, #1210, #856, .T. ) ;
#792 = ADVANCED_FACE ( 'NONE', ( #731 ), #1562, .F. ) ;
#793 = CARTESIAN_POINT ( 'NONE',  ( -1.799999999999999822, -1.949999999999996625, 0.000000000000000000 ) ) ;
#794 = LINE ( 'NONE', #435, #405 ) ;
#795 = SURFACE_STYLE_USAGE ( .BOTH. , #293 ) ;
#796 = EDGE_LOOP ( 'NONE', ( #482, #4, #508, #287, #649, #88 ) ) ;
#797 = DIRECTION ( 'NONE',  ( 0.000000000000000000, 0.000000000000000000, 1.000000000000000000 ) ) ;
#798 = VERTEX_POINT ( 'NONE', #1451 ) ;
#799 = DIRECTION ( 'NONE',  ( -0.000000000000000000, 1.000000000000000000, -0.000000000000000000 ) ) ;
#800 = CARTESIAN_POINT ( 'NONE',  ( -1.799999999999999822, -1.649999999999994138, 2.600000000000000089 ) ) ;
#801 = EDGE_CURVE ( 'NONE', #1253, #807, #587, .T. ) ;
#802 = STYLED_ITEM ( 'NONE', ( #344 ), #334 ) ;
#803 = CARTESIAN_POINT ( 'NONE',  ( 2.325000000000000178, -7.150000000000000355, 2.499999999999999556 ) ) ;
#804 = DIRECTION ( 'NONE',  ( 0.000000000000000000, 0.000000000000000000, 1.000000000000000000 ) ) ;
#805 = DIRECTION ( 'NONE',  ( 0.000000000000000000, 1.000000000000000000, 0.000000000000000000 ) ) ;
#806 = COLOUR_RGB ( '',0.6862745098039215730, 0.6078431372549019107, 0.5294117647058823595 ) ;
#807 = VERTEX_POINT ( 'NONE', #962 ) ;
#808 = LINE ( 'NONE', #575, #306 ) ;
#809 = ORIENTED_EDGE ( 'NONE', *, *, #554, .T. ) ;
#810 = COLOUR_RGB ( '',0.6862745098039215730, 0.6078431372549019107, 0.5294117647058823595 ) ;
#811 = CARTESIAN_POINT ( 'NONE',  ( -2.325000000000000178, -7.150000000000000355, 2.500000000000000000 ) ) ;
#812 = AXIS2_PLACEMENT_3D ( 'NONE', #249, #745, #507 ) ;
#813 = MECHANICAL_DESIGN_GEOMETRIC_PRESENTATION_REPRESENTATION (  '', ( #473 ), #520 ) ;
#814 = CARTESIAN_POINT ( 'NONE',  ( 2.750000000000000888, -4.049999999999999822, 2.600000000000000089 ) ) ;
#815 = LINE ( 'NONE', #1288, #777 ) ;
#816 = PLANE ( 'NONE',  #605 ) ;
#817 =( GEOMETRIC_REPRESENTATION_CONTEXT ( 3 ) GLOBAL_UNCERTAINTY_ASSIGNED_CONTEXT ( ( #636 ) ) GLOBAL_UNIT_ASSIGNED_CONTEXT ( ( #1115, #214, #86 ) ) REPRESENTATION_CONTEXT ( 'NONE', 'WORKASPACE' ) );
#818 = CARTESIAN_POINT ( 'NONE',  ( -2.174999999999999822, -7.150000000000000355, 0.09999999999999971412 ) ) ;
#819 = DIRECTION ( 'NONE',  ( -0.5773502691896273964, -0.5773502691896208461, -0.5773502691896290617 ) ) ;
#820 = EDGE_CURVE ( 'NONE', #658, #1506, #1096, .T. ) ;
#821 = ORIENTED_EDGE ( 'NONE', *, *, #221, .F. ) ;
#822 = ORIENTED_EDGE ( 'NONE', *, *, #1297, .F. ) ;
#823 = PRESENTATION_STYLE_ASSIGNMENT (( #297 ) ) ;
#824 = FACE_OUTER_BOUND ( 'NONE', #690, .T. ) ;
#825 =( GEOMETRIC_REPRESENTATION_CONTEXT ( 3 ) GLOBAL_UNCERTAINTY_ASSIGNED_CONTEXT ( ( #1391 ) ) GLOBAL_UNIT_ASSIGNED_CONTEXT ( ( #490, #622, #1097 ) ) REPRESENTATION_CONTEXT ( 'NONE', 'WORKASPACE' ) );
#826 = CARTESIAN_POINT ( 'NONE',  ( 2.174999999999999822, -7.150000000000000355, 0.09999999999999993616 ) ) ;
#827 = FILL_AREA_STYLE ('',( #323 ) ) ;
#828 = CARTESIAN_POINT ( 'NONE',  ( -0.7333333333333381665, -2.716666666666665453, 1.066666666666657770 ) ) ;
#829 = VERTEX_POINT ( 'NONE', #481 ) ;
#830 = CARTESIAN_POINT ( 'NONE',  ( -1.500000000000000000, 0.7500000000000000000, 2.299999999999998934 ) ) ;
#831 = ORIENTED_EDGE ( 'NONE', *, *, #1067, .F. ) ;
#832 = FILL_AREA_STYLE_COLOUR ( '', #1261 ) ;
#833 = VERTEX_POINT ( 'NONE', #864 ) ;
#834 = STYLED_ITEM ( 'NONE', ( #1160 ), #1347 ) ;
#835 =( NAMED_UNIT ( * ) PLANE_ANGLE_UNIT ( ) SI_UNIT ( $, .RADIAN. ) );
#836 = PRESENTATION_STYLE_ASSIGNMENT (( #1447 ) ) ;
#837 = DIRECTION ( 'NONE',  ( -1.000000000000000000, -0.000000000000000000, -0.000000000000000000 ) ) ;
#838 = DIRECTION ( 'NONE',  ( 1.000000000000000000, 0.000000000000000000, 0.000000000000000000 ) ) ;
#839 = EDGE_LOOP ( 'NONE', ( #1272, #192, #877, #1175 ) ) ;
#840 = VECTOR ( 'NONE', #248, 1000.000000000000000 ) ;
#841 =( GEOMETRIC_REPRESENTATION_CONTEXT ( 3 ) GLOBAL_UNCERTAINTY_ASSIGNED_CONTEXT ( ( #1121 ) ) GLOBAL_UNIT_ASSIGNED_CONTEXT ( ( #686, #2, #639 ) ) REPRESENTATION_CONTEXT ( 'NONE', 'WORKASPACE' ) );
#842 = DIRECTION ( 'NONE',  ( -0.000000000000000000, -0.000000000000000000, -1.000000000000000000 ) ) ;
#843 = ORIENTED_EDGE ( 'NONE', *, *, #899, .T. ) ;
#844 = CARTESIAN_POINT ( 'NONE',  ( -1.500000000000000000, 0.7500000000000000000, 0.2999999999999990452 ) ) ;
#845 = VECTOR ( 'NONE', #630, 1000.000000000000000 ) ;
#846 = ORIENTED_EDGE ( 'NONE', *, *, #458, .F. ) ;
#847 = SURFACE_STYLE_FILL_AREA ( #212 ) ;
#848 =( GEOMETRIC_REPRESENTATION_CONTEXT ( 3 ) GLOBAL_UNCERTAINTY_ASSIGNED_CONTEXT ( ( #1479 ) ) GLOBAL_UNIT_ASSIGNED_CONTEXT ( ( #331, #590, #342 ) ) REPRESENTATION_CONTEXT ( 'NONE', 'WORKASPACE' ) );
#849 =( NAMED_UNIT ( * ) PLANE_ANGLE_UNIT ( ) SI_UNIT ( $, .RADIAN. ) );
#850 = SURFACE_STYLE_FILL_AREA ( #1328 ) ;
#851 = EDGE_LOOP ( 'NONE', ( #534, #906, #386, #1225 ) ) ;
#852 = ADVANCED_FACE ( 'NONE', ( #1572 ), #620, .F. ) ;
#853 = DIRECTION ( 'NONE',  ( -1.000000000000000000, 0.000000000000000000, -0.000000000000000000 ) ) ;
#854 = DIRECTION ( 'NONE',  ( 0.000000000000000000, -0.000000000000000000, -1.000000000000000000 ) ) ;
#855 = CARTESIAN_POINT ( 'NONE',  ( 1.800000000000000044, 0.000000000000000000, 2.600000000000000089 ) ) ;
#856 = LINE ( 'NONE', #597, #177 ) ;
#857 = EDGE_CURVE ( 'NONE', #1496, #552, #1231, .T. ) ;
#858 = VERTEX_POINT ( 'NONE', #1213 ) ;
#859 = VECTOR ( 'NONE', #799, 1000.000000000000000 ) ;
#860 = LINE ( 'NONE', #1596, #545 ) ;
#861 = ADVANCED_FACE ( 'NONE', ( #991 ), #1469, .T. ) ;
#862 = PRESENTATION_STYLE_ASSIGNMENT (( #989 ) ) ;
#863 = PRODUCT_CONTEXT ( 'NONE', #637, 'mechanical' ) ;
#864 = CARTESIAN_POINT ( 'NONE',  ( 2.324999999999999734, -7.150000000000000355, 0.5000000000000000000 ) ) ;
#865 = AXIS2_PLACEMENT_3D ( 'NONE', #1556, #1541, #927 ) ;
#866 = VERTEX_POINT ( 'NONE', #640 ) ;
#867 = VECTOR ( 'NONE', #1330, 1000.000000000000000 ) ;
#868 = EDGE_CURVE ( 'NONE', #451, #1259, #1376, .T. ) ;
#869 = LINE ( 'NONE', #367, #1173 ) ;
#870 = FILL_AREA_STYLE_COLOUR ( '', #415 ) ;
#871 = CYLINDRICAL_SURFACE ( 'NONE', #85, 0.5000000000000000000 ) ;
#872 = MECHANICAL_DESIGN_GEOMETRIC_PRESENTATION_REPRESENTATION (  '', ( #450 ), #390 ) ;
#873 = FACE_BOUND ( 'NONE', #60, .T. ) ;
#874 = MECHANICAL_DESIGN_GEOMETRIC_PRESENTATION_REPRESENTATION (  '', ( #1355 ), #156 ) ;
#875 = DIRECTION ( 'NONE',  ( -0.000000000000000000, -1.000000000000000000, -0.000000000000000000 ) ) ;
#876 =( NAMED_UNIT ( * ) PLANE_ANGLE_UNIT ( ) SI_UNIT ( $, .RADIAN. ) );
#877 = ORIENTED_EDGE ( 'NONE', *, *, #478, .T. ) ;
#878 = EDGE_CURVE ( 'NONE', #747, #152, #1147, .T. ) ;
#879 = LINE ( 'NONE', #618, #1450 ) ;
#880 = DIRECTION ( 'NONE',  ( 1.000000000000000000, 0.000000000000000000, 0.000000000000000000 ) ) ;
#881 = LINE ( 'NONE', #772, #716 ) ;
#882 = COLOUR_RGB ( '',0.6862745098039215730, 0.6078431372549019107, 0.5294117647058823595 ) ;
#883 = CARTESIAN_POINT ( 'NONE',  ( 2.175000000000000266, -7.150000000000000355, 2.499999999999999556 ) ) ;
#884 = ORIENTED_EDGE ( 'NONE', *, *, #619, .T. ) ;
#885 = CARTESIAN_POINT ( 'NONE',  ( 0.000000000000000000, -4.850000000000000533, 2.350000000000001421 ) ) ;
#886 = AXIS2_PLACEMENT_3D ( 'NONE', #1248, #1455, #854 ) ;
#887 = PLANE ( 'NONE',  #1592 ) ;
#888 = VECTOR ( 'NONE', #225, 1000.000000000000000 ) ;
#889 = LINE ( 'NONE', #1537, #184 ) ;
#890 = ORIENTED_EDGE ( 'NONE', *, *, #945, .T. ) ;
#891 = ORIENTED_EDGE ( 'NONE', *, *, #502, .F. ) ;
#892 = MECHANICAL_DESIGN_GEOMETRIC_PRESENTATION_REPRESENTATION (  '', ( #948 ), #817 ) ;
#893 = FACE_OUTER_BOUND ( 'NONE', #376, .T. ) ;
#894 = EDGE_CURVE ( 'NONE', #616, #829, #1010, .T. ) ;
#895 = FACE_OUTER_BOUND ( 'NONE', #1051, .T. ) ;
#896 = UNCERTAINTY_MEASURE_WITH_UNIT (LENGTH_MEASURE( 1.000000000000000082E-05 ), #995, 'distance_accuracy_value', 'NONE');
#897 = ORIENTED_EDGE ( 'NONE', *, *, #454, .T. ) ;
#898 = ORIENTED_EDGE ( 'NONE', *, *, #1247, .F. ) ;
#899 = EDGE_CURVE ( 'NONE', #1527, #348, #1236, .T. ) ;
#900 = CARTESIAN_POINT ( 'NONE',  ( 0.000000000000000000, 0.3500000000000006994, 2.600000000000000089 ) ) ;
#901 = AXIS2_PLACEMENT_3D ( 'NONE', #922, #47, #702 ) ;
#902 = LINE ( 'NONE', #1012, #1300 ) ;
#903 = FACE_OUTER_BOUND ( 'NONE', #641, .T. ) ;
#904 = ORIENTED_EDGE ( 'NONE', *, *, #190, .F. ) ;
#905 = STYLED_ITEM ( 'NONE', ( #1127 ), #1174 ) ;
#906 = ORIENTED_EDGE ( 'NONE', *, *, #748, .F. ) ;
#907 = AXIS2_PLACEMENT_3D ( 'NONE', #635, #1152, #530 ) ;
#908 = AXIS2_PLACEMENT_3D ( 'NONE', #311, #676, #706 ) ;
#909 = AXIS2_PLACEMENT_3D ( 'NONE', #1566, #730, #1116 ) ;
#910 = LINE ( 'NONE', #139, #574 ) ;
#911 = CARTESIAN_POINT ( 'NONE',  ( -2.325000000000000178, -4.049999999999999822, 0.09999999999999971412 ) ) ;
#912 = CARTESIAN_POINT ( 'NONE',  ( -1.199999999999998845, -2.250000000000000444, 2.600000000000000089 ) ) ;
#913 = FACE_OUTER_BOUND ( 'NONE', #286, .T. ) ;
#914 = ORIENTED_EDGE ( 'NONE', *, *, #801, .F. ) ;
#915 = ORIENTED_EDGE ( 'NONE', *, *, #566, .T. ) ;
#916 = DIRECTION ( 'NONE',  ( 0.000000000000000000, 0.000000000000000000, 1.000000000000000000 ) ) ;
#917 = CARTESIAN_POINT ( 'NONE',  ( 0.000000000000000000, -4.650000000000001243, 2.049999999999999822 ) ) ;
#918 = FACE_OUTER_BOUND ( 'NONE', #264, .T. ) ;
#919 = ORIENTED_EDGE ( 'NONE', *, *, #1427, .T. ) ;
#920 = DIRECTION ( 'NONE',  ( 1.000000000000000000, 0.000000000000000000, -0.000000000000000000 ) ) ;
#921 = ORIENTED_EDGE ( 'NONE', *, *, #729, .T. ) ;
#922 = CARTESIAN_POINT ( 'NONE',  ( 0.000000000000000000, 0.000000000000000000, 2.600000000000000089 ) ) ;
#923 = EDGE_CURVE ( 'NONE', #782, #866, #15, .T. ) ;
#924 = PLANE ( 'NONE',  #1323 ) ;
#925 = CARTESIAN_POINT ( 'NONE',  ( 2.174999999999999822, -7.150000000000000355, 0.09999999999999993616 ) ) ;
#926 = DIRECTION ( 'NONE',  ( -0.000000000000000000, 1.000000000000000000, -0.000000000000000000 ) ) ;
#927 = DIRECTION ( 'NONE',  ( -1.000000000000000000, 0.000000000000000000, -0.000000000000000000 ) ) ;
#928 = ORIENTED_EDGE ( 'NONE', *, *, #1301, .T. ) ;
#929 = AXIS2_PLACEMENT_3D ( 'NONE', #33, #533, #1511 ) ;
#930 = ORIENTED_EDGE ( 'NONE', *, *, #27, .F. ) ;
#931 = FACE_OUTER_BOUND ( 'NONE', #1422, .T. ) ;
#932 = DIRECTION ( 'NONE',  ( 0.000000000000000000, -1.000000000000000000, 0.000000000000000000 ) ) ;
#933 = PRODUCT_RELATED_PRODUCT_CATEGORY ( 'part', '', ( #150 ) ) ;
#934 = DIRECTION ( 'NONE',  ( 0.7071067811865441310, -0.7071067811865507924, -0.000000000000000000 ) ) ;
#935 = FILL_AREA_STYLE_COLOUR ( '', #1331 ) ;
#936 = ADVANCED_FACE ( 'NONE', ( #1124 ), #871, .T. ) ;
#937 = CARTESIAN_POINT ( 'NONE',  ( 2.750000000000000888, 0.7500000000000000000, 2.600000000000000089 ) ) ;
#938 = CARTESIAN_POINT ( 'NONE',  ( 1.400000000000000577, -2.049999999999999378, 2.199999999999999289 ) ) ;
#939 = ORIENTED_EDGE ( 'NONE', *, *, #1087, .T. ) ;
#940 = PLANE ( 'NONE',  #46 ) ;
#941 = ORIENTED_EDGE ( 'NONE', *, *, #1112, .F. ) ;
#942 = LINE ( 'NONE', #811, #430 ) ;
#943 = VECTOR ( 'NONE', #462, 1000.000000000000000 ) ;
#944 =( GEOMETRIC_REPRESENTATION_CONTEXT ( 3 ) GLOBAL_UNCERTAINTY_ASSIGNED_CONTEXT ( ( #1318 ) ) GLOBAL_UNIT_ASSIGNED_CONTEXT ( ( #426, #408, #393 ) ) REPRESENTATION_CONTEXT ( 'NONE', 'WORKASPACE' ) );
#945 = EDGE_CURVE ( 'NONE', #552, #960, #256, .T. ) ;
#946 = PRESENTATION_STYLE_ASSIGNMENT (( #231 ) ) ;
#947 = PLANE ( 'NONE',  #1514 ) ;
#948 = STYLED_ITEM ( 'NONE', ( #1230 ), #1444 ) ;
#949 = PLANE ( 'NONE',  #39 ) ;
#950 = SURFACE_SIDE_STYLE ('',( #1190 ) ) ;
#951 = VERTEX_POINT ( 'NONE', #1366 ) ;
#952 = ORIENTED_EDGE ( 'NONE', *, *, #1418, .T. ) ;
#953 = FACE_OUTER_BOUND ( 'NONE', #28, .T. ) ;
#954 = PRESENTATION_LAYER_ASSIGNMENT (  '', '', ( #1355 ) ) ;
#955 = CARTESIAN_POINT ( 'NONE',  ( 2.324999999999999734, -4.049999999999999822, 0.5000000000000000000 ) ) ;
#956 = PRESENTATION_LAYER_ASSIGNMENT (  '', '', ( #245 ) ) ;
#957 = CARTESIAN_POINT ( 'NONE',  ( 6.123233995736768501E-17, -4.650000000000001243, 1.549999999999999822 ) ) ;
#958 = PRESENTATION_STYLE_ASSIGNMENT (( #456 ) ) ;
#959 = LINE ( 'NONE', #1201, #1092 ) ;
#960 = VERTEX_POINT ( 'NONE', #645 ) ;
#961 = EDGE_LOOP ( 'NONE', ( #680, #1260, #153, #699 ) ) ;
#962 = CARTESIAN_POINT ( 'NONE',  ( 2.324999999999999734, -7.150000000000000355, 0.09999999999999993616 ) ) ;
#963 = ORIENTED_EDGE ( 'NONE', *, *, #1319, .F. ) ;
#964 = VECTOR ( 'NONE', #416, 1000.000000000000000 ) ;
#965 = SURFACE_STYLE_FILL_AREA ( #1564 ) ;
#966 = CARTESIAN_POINT ( 'NONE',  ( 2.324999999999999734, -7.150000000000000355, 0.09999999999999993616 ) ) ;
#967 = SURFACE_SIDE_STYLE ('',( #84 ) ) ;
#968 = SURFACE_STYLE_FILL_AREA ( #1352 ) ;
#969 = VECTOR ( 'NONE', #120, 1000.000000000000000 ) ;
#970 = MECHANICAL_DESIGN_GEOMETRIC_PRESENTATION_REPRESENTATION (  '', ( #380 ), #172 ) ;
#971 = EDGE_CURVE ( 'NONE', #329, #1014, #1242, .T. ) ;
#972 = EDGE_CURVE ( 'NONE', #296, #1017, #495, .T. ) ;
#973 = VECTOR ( 'NONE', #1344, 1000.000000000000000 ) ;
#974 = COLOUR_RGB ( '',0.6862745098039215730, 0.6078431372549019107, 0.5294117647058823595 ) ;
#975 = DIRECTION ( 'NONE',  ( 0.000000000000000000, 1.000000000000000000, 0.000000000000000000 ) ) ;
#976 = CARTESIAN_POINT ( 'NONE',  ( 2.175000000000000266, -4.049999999999999822, 2.100000000000000089 ) ) ;
#977 =( NAMED_UNIT ( * ) SI_UNIT ( $, .STERADIAN. ) SOLID_ANGLE_UNIT ( ) );
#978 = LINE ( 'NONE', #364, #659 ) ;
#979 = CARTESIAN_POINT ( 'NONE',  ( -2.174999999999999822, -7.150000000000000355, 2.100000000000000089 ) ) ;
#980 = EDGE_LOOP ( 'NONE', ( #396, #1563, #1402, #428, #809 ) ) ;
#981 = EDGE_CURVE ( 'NONE', #681, #672, #1486, .T. ) ;
#982 = DIRECTION ( 'NONE',  ( 1.000000000000000000, 0.000000000000000000, 0.000000000000000000 ) ) ;
#983 = SURFACE_STYLE_FILL_AREA ( #487 ) ;
#984 = CARTESIAN_POINT ( 'NONE',  ( -1.500000000000000000, 0.7500000000000000000, 0.2999999999999990452 ) ) ;
#985 = MANIFOLD_SOLID_BREP ( 'Chamfer4', #372 ) ;
#986 = PLANE ( 'NONE',  #460 ) ;
#987 = STYLED_ITEM ( 'NONE', ( #823 ), #1095 ) ;
#988 = LINE ( 'NONE', #1091, #174 ) ;
#989 = SURFACE_STYLE_USAGE ( .BOTH. , #1093 ) ;
#990 = VECTOR ( 'NONE', #1046, 1000.000000000000000 ) ;
#991 = FACE_OUTER_BOUND ( 'NONE', #87, .T. ) ;
#992 = CARTESIAN_POINT ( 'NONE',  ( 2.324999999999999734, -7.150000000000000355, 0.5000000000000000000 ) ) ;
#993 = LINE ( 'NONE', #1339, #549 ) ;
#994 = UNCERTAINTY_MEASURE_WITH_UNIT (LENGTH_MEASURE( 1.000000000000000082E-05 ), #1428, 'distance_accuracy_value', 'NONE');
#995 =( LENGTH_UNIT ( ) NAMED_UNIT ( * ) SI_UNIT ( .MILLI., .METRE. ) );
#996 = EDGE_CURVE ( 'NONE', #1424, #1487, #133, .T. ) ;
#997 = ORIENTED_EDGE ( 'NONE', *, *, #198, .T. ) ;
#998 = CARTESIAN_POINT ( 'NONE',  ( -1.499999999999999556, -1.949999999999996625, 0.2999999999999990452 ) ) ;
#999 = FACE_OUTER_BOUND ( 'NONE', #980, .T. ) ;
#1000 = CARTESIAN_POINT ( 'NONE',  ( -2.325000000000000178, -7.150000000000000355, 0.4999999999999996669 ) ) ;
#1001 = ORIENTED_EDGE ( 'NONE', *, *, #562, .F. ) ;
#1002 = PLANE ( 'NONE',  #1445 ) ;
#1003 = PRODUCT_DEFINITION_CONTEXT ( 'detailed design', #194, 'design' ) ;
#1004 = DIRECTION ( 'NONE',  ( 1.000000000000000000, 0.000000000000000000, 0.000000000000000000 ) ) ;
#1005 = SURFACE_SIDE_STYLE ('',( #3 ) ) ;
#1006 = ORIENTED_EDGE ( 'NONE', *, *, #182, .T. ) ;
#1007 = EDGE_CURVE ( 'NONE', #1412, #1396, #1359, .T. ) ;
#1008 = EDGE_CURVE ( 'NONE', #833, #1202, #1480, .T. ) ;
#1009 = CARTESIAN_POINT ( 'NONE',  ( 2.174999999999999822, -7.150000000000000355, 0.09999999999999993616 ) ) ;
#1010 = CIRCLE ( 'NONE', #723, 0.3000000000000016542 ) ;
#1011 = CARTESIAN_POINT ( 'NONE',  ( -2.750000000000000888, 0.7500000000000000000, 0.000000000000000000 ) ) ;
#1012 = CARTESIAN_POINT ( 'NONE',  ( 2.174999999999999822, -4.049999999999999822, 0.09999999999999993616 ) ) ;
#1013 = AXIS2_PLACEMENT_3D ( 'NONE', #966, #707, #1058 ) ;
#1014 = VERTEX_POINT ( 'NONE', #151 ) ;
#1015 = ADVANCED_FACE ( 'NONE', ( #903 ), #1271, .T. ) ;
#1016 = ORIENTED_EDGE ( 'NONE', *, *, #732, .F. ) ;
#1017 = VERTEX_POINT ( 'NONE', #1520 ) ;
#1018 = VECTOR ( 'NONE', #644, 1000.000000000000000 ) ;
#1019 = UNCERTAINTY_MEASURE_WITH_UNIT (LENGTH_MEASURE( 1.000000000000000082E-05 ), #1203, 'distance_accuracy_value', 'NONE');
#1020 = CARTESIAN_POINT ( 'NONE',  ( -1.499999999999999556, -2.250000000000000444, 2.600000000000000089 ) ) ;
#1021 = DIRECTION ( 'NONE',  ( 0.000000000000000000, 1.000000000000000000, 0.000000000000000000 ) ) ;
#1022 = CARTESIAN_POINT ( 'NONE',  ( 0.000000000000000000, -4.850000000000000533, 2.049999999999999822 ) ) ;
#1023 = EDGE_LOOP ( 'NONE', ( #79, #890, #1267, #787, #273 ) ) ;
#1024 = ORIENTED_EDGE ( 'NONE', *, *, #894, .T. ) ;
#1025 = VECTOR ( 'NONE', #141, 1000.000000000000000 ) ;
#1026 = ADVANCED_FACE ( 'NONE', ( #918 ), #781, .F. ) ;
#1027 = FACE_OUTER_BOUND ( 'NONE', #1193, .T. ) ;
#1028 = ADVANCED_FACE ( 'NONE', ( #913 ), #786, .F. ) ;
#1029 = CARTESIAN_POINT ( 'NONE',  ( -1.199999999999998845, -2.250000000000000444, 0.000000000000000000 ) ) ;
#1030 = CARTESIAN_POINT ( 'NONE',  ( -2.175000000000000266, -7.150000000000000355, 2.500000000000000000 ) ) ;
#1031 =( LENGTH_UNIT ( ) NAMED_UNIT ( * ) SI_UNIT ( .MILLI., .METRE. ) );
#1032 = ORIENTED_EDGE ( 'NONE', *, *, #736, .F. ) ;
#1033 = MECHANICAL_DESIGN_GEOMETRIC_PRESENTATION_REPRESENTATION (  '', ( #834 ), #751 ) ;
#1034 = ORIENTED_EDGE ( 'NONE', *, *, #1379, .F. ) ;
#1035 = CARTESIAN_POINT ( 'NONE',  ( 1.500000000000000000, 0.7499999999999997780, 0.2999999999999990452 ) ) ;
#1036 = VECTOR ( 'NONE', #694, 1000.000000000000000 ) ;
#1037 = STYLED_ITEM ( 'NONE', ( #43 ), #1589 ) ;
#1038 = CARTESIAN_POINT ( 'NONE',  ( 2.325000000000000178, -4.049999999999999822, 2.499999999999999556 ) ) ;
#1039 = LINE ( 'NONE', #560, #1113 ) ;
#1040 = SURFACE_SIDE_STYLE ('',( #1049 ) ) ;
#1041 = STYLED_ITEM ( 'NONE', ( #1393 ), #579 ) ;
#1042 = DIRECTION ( 'NONE',  ( 0.000000000000000000, 0.000000000000000000, 1.000000000000000000 ) ) ;
#1043 = ORIENTED_EDGE ( 'NONE', *, *, #317, .T. ) ;
#1044 = ORIENTED_EDGE ( 'NONE', *, *, #1274, .T. ) ;
#1045 =( NAMED_UNIT ( * ) SI_UNIT ( $, .STERADIAN. ) SOLID_ANGLE_UNIT ( ) );
#1046 = DIRECTION ( 'NONE',  ( -0.000000000000000000, 1.000000000000000000, -0.000000000000000000 ) ) ;
#1047 = ORIENTED_EDGE ( 'NONE', *, *, #1361, .F. ) ;
#1048 = CARTESIAN_POINT ( 'NONE',  ( -2.750000000000000888, -4.049999999999999822, 0.000000000000000000 ) ) ;
#1049 = SURFACE_STYLE_FILL_AREA ( #1291 ) ;
#1050 = CARTESIAN_POINT ( 'NONE',  ( -2.174999999999999822, -4.049999999999999822, 2.500000000000000000 ) ) ;
#1051 = EDGE_LOOP ( 'NONE', ( #544, #355, #1047, #444 ) ) ;
#1052 =( NAMED_UNIT ( * ) SI_UNIT ( $, .STERADIAN. ) SOLID_ANGLE_UNIT ( ) );
#1053 = VERTEX_POINT ( 'NONE', #1544 ) ;
#1054 = PLANE ( 'NONE',  #1243 ) ;
#1055 = CARTESIAN_POINT ( 'NONE',  ( -2.325000000000000178, -7.150000000000000355, 2.100000000000000089 ) ) ;
#1056 = CARTESIAN_POINT ( 'NONE',  ( -2.325000000000000178, -7.150000000000000355, 0.09999999999999971412 ) ) ;
#1057 =( NAMED_UNIT ( * ) PLANE_ANGLE_UNIT ( ) SI_UNIT ( $, .RADIAN. ) );
#1058 = DIRECTION ( 'NONE',  ( 0.000000000000000000, 0.000000000000000000, 1.000000000000000000 ) ) ;
#1059 = ORIENTED_EDGE ( 'NONE', *, *, #1186, .T. ) ;
#1060 =( NAMED_UNIT ( * ) PLANE_ANGLE_UNIT ( ) SI_UNIT ( $, .RADIAN. ) );
#1061 = UNCERTAINTY_MEASURE_WITH_UNIT (LENGTH_MEASURE( 1.000000000000000082E-05 ), #324, 'distance_accuracy_value', 'NONE');
#1062 = EDGE_LOOP ( 'NONE', ( #1164, #1552, #42, #1460 ) ) ;
#1063 = CARTESIAN_POINT ( 'NONE',  ( -1.499999999999999556, -1.949999999999996625, 0.000000000000000000 ) ) ;
#1064 = DIRECTION ( 'NONE',  ( 0.000000000000000000, 1.000000000000000000, -0.000000000000000000 ) ) ;
#1065 = DIRECTION ( 'NONE',  ( 0.000000000000000000, 0.7071067811865482389, 0.7071067811865469066 ) ) ;
#1066 = SURFACE_STYLE_USAGE ( .BOTH. , #322 ) ;
#1067 = EDGE_CURVE ( 'NONE', #767, #451, #63, .T. ) ;
#1068 = CARTESIAN_POINT ( 'NONE',  ( 6.123233995736767268E-17, -4.850000000000000533, 1.549999999999999822 ) ) ;
#1069 = FILL_AREA_STYLE_COLOUR ( '', #142 ) ;
#1070 = COLOUR_RGB ( '',0.6862745098039215730, 0.6078431372549019107, 0.5294117647058823595 ) ;
#1071 = ORIENTED_EDGE ( 'NONE', *, *, #1274, .F. ) ;
#1072 = CARTESIAN_POINT ( 'NONE',  ( -2.325000000000000178, -7.150000000000000355, 2.100000000000000089 ) ) ;
#1073 = ORIENTED_EDGE ( 'NONE', *, *, #499, .F. ) ;
#1074 = ADVANCED_FACE ( 'NONE', ( #931 ), #422, .F. ) ;
#1075 = CARTESIAN_POINT ( 'NONE',  ( -1.500000000000000000, 0.6500000000000007994, 2.299999999999998934 ) ) ;
#1076 = LINE ( 'NONE', #582, #179 ) ;
#1077 = SURFACE_STYLE_USAGE ( .BOTH. , #967 ) ;
#1078 = ORIENTED_EDGE ( 'NONE', *, *, #1292, .T. ) ;
#1079 = ORIENTED_EDGE ( 'NONE', *, *, #389, .F. ) ;
#1080 = COLOUR_RGB ( '',0.1098039215686274495, 0.1098039215686274495, 0.1098039215686274495 ) ;
#1081 = ORIENTED_EDGE ( 'NONE', *, *, #97, .T. ) ;
#1082 = LINE ( 'NONE', #1438, #1374 ) ;
#1083 = SURFACE_STYLE_USAGE ( .BOTH. , #950 ) ;
#1084 = FACE_OUTER_BOUND ( 'NONE', #1337, .T. ) ;
#1085 = EDGE_CURVE ( 'NONE', #1273, #1307, #942, .T. ) ;
#1086 = FACE_OUTER_BOUND ( 'NONE', #335, .T. ) ;
#1087 = EDGE_CURVE ( 'NONE', #798, #1474, #790, .T. ) ;
#1088 = EDGE_LOOP ( 'NONE', ( #1542, #1232, #1032, #1237, #941, #588 ) ) ;
#1089 = CARTESIAN_POINT ( 'NONE',  ( 2.174999999999999822, -7.150000000000000355, 0.09999999999999993616 ) ) ;
#1090 = EDGE_LOOP ( 'NONE', ( #1131, #884, #1212, #160 ) ) ;
#1091 = CARTESIAN_POINT ( 'NONE',  ( 2.175000000000000266, -4.049999999999999822, 2.499999999999999556 ) ) ;
#1092 = VECTOR ( 'NONE', #1181, 999.9999999999998863 ) ;
#1093 = SURFACE_SIDE_STYLE ('',( #968 ) ) ;
#1094 =( GEOMETRIC_REPRESENTATION_CONTEXT ( 3 ) GLOBAL_UNCERTAINTY_ASSIGNED_CONTEXT ( ( #241 ) ) GLOBAL_UNIT_ASSIGNED_CONTEXT ( ( #1313, #835, #580 ) ) REPRESENTATION_CONTEXT ( 'NONE', 'WORKASPACE' ) );
#1095 = ADVANCED_FACE ( 'NONE', ( #536 ), #74, .F. ) ;
#1096 = LINE ( 'NONE', #359, #1145 ) ;
#1097 =( NAMED_UNIT ( * ) SI_UNIT ( $, .STERADIAN. ) SOLID_ANGLE_UNIT ( ) );
#1098 = VECTOR ( 'NONE', #1356, 1000.000000000000000 ) ;
#1099 = VECTOR ( 'NONE', #1536, 1000.000000000000000 ) ;
#1100 = VECTOR ( 'NONE', #561, 1000.000000000000000 ) ;
#1101 = CARTESIAN_POINT ( 'NONE',  ( -2.325000000000000622, -4.049999999999999822, 0.09999999999999982514 ) ) ;
#1102 = COLOUR_RGB ( '',0.6862745098039215730, 0.6078431372549019107, 0.5294117647058823595 ) ;
#1103 = DIRECTION ( 'NONE',  ( 0.5773502691896250649, -0.5773502691896253980, 0.5773502691896267303 ) ) ;
#1104 = CARTESIAN_POINT ( 'NONE',  ( 0.000000000000000000, -7.150000000000000355, 0.000000000000000000 ) ) ;
#1105 = ORIENTED_EDGE ( 'NONE', *, *, #1379, .T. ) ;
#1106 = EDGE_LOOP ( 'NONE', ( #1034, #52, #822, #1182 ) ) ;
#1107 = ADVANCED_FACE ( 'NONE', ( #1515 ), #667, .F. ) ;
#1108 = LINE ( 'NONE', #623, #1294 ) ;
#1109 = DIRECTION ( 'NONE',  ( -1.445602896647339163E-16, 1.000000000000000000, 0.000000000000000000 ) ) ;
#1110 = CARTESIAN_POINT ( 'NONE',  ( -1.500000000000000000, 0.7500000000000000000, 2.600000000000000089 ) ) ;
#1111 = LINE ( 'NONE', #979, #621 ) ;
#1112 = EDGE_CURVE ( 'NONE', #858, #403, #556, .T. ) ;
#1113 = VECTOR ( 'NONE', #1199, 1000.000000000000000 ) ;
#1114 = LINE ( 'NONE', #226, #973 ) ;
#1115 =( LENGTH_UNIT ( ) NAMED_UNIT ( * ) SI_UNIT ( .MILLI., .METRE. ) );
#1116 = DIRECTION ( 'NONE',  ( 1.000000000000000000, 0.000000000000000000, 0.000000000000000000 ) ) ;
#1117 = DIRECTION ( 'NONE',  ( -0.000000000000000000, -0.000000000000000000, -1.000000000000000000 ) ) ;
#1118 = PRODUCT_DEFINITION_FORMATION_WITH_SPECIFIED_SOURCE ( 'ANY', '', #150, .NOT_KNOWN. ) ;
#1119 = ORIENTED_EDGE ( 'NONE', *, *, #791, .F. ) ;
#1120 = CARTESIAN_POINT ( 'NONE',  ( -1.799999999999999600, 0.3500000000000006994, 2.600000000000000089 ) ) ;
#1121 = UNCERTAINTY_MEASURE_WITH_UNIT (LENGTH_MEASURE( 1.000000000000000082E-05 ), #686, 'distance_accuracy_value', 'NONE');
#1122 = CARTESIAN_POINT ( 'NONE',  ( 6.123233995736768501E-17, -4.049999999999999822, 1.549999999999999822 ) ) ;
#1123 = AXIS2_PLACEMENT_3D ( 'NONE', #1056, #1250, #1502 ) ;
#1124 = FACE_OUTER_BOUND ( 'NONE', #839, .T. ) ;
#1125 = ORIENTED_EDGE ( 'NONE', *, *, #1489, .F. ) ;
#1126 = PRESENTATION_STYLE_ASSIGNMENT (( #283 ) ) ;
#1127 = PRESENTATION_STYLE_ASSIGNMENT (( #1254 ) ) ;
#1128 = DIRECTION ( 'NONE',  ( -1.000000000000000000, -0.000000000000000000, -0.000000000000000000 ) ) ;
#1129 = EDGE_CURVE ( 'NONE', #215, #168, #442, .T. ) ;
#1130 = CARTESIAN_POINT ( 'NONE',  ( 2.174999999999999822, -7.150000000000000355, 0.5000000000000000000 ) ) ;
#1131 = ORIENTED_EDGE ( 'NONE', *, *, #713, .F. ) ;
#1132 =( GEOMETRIC_REPRESENTATION_CONTEXT ( 3 ) GLOBAL_UNCERTAINTY_ASSIGNED_CONTEXT ( ( #1251 ) ) GLOBAL_UNIT_ASSIGNED_CONTEXT ( ( #173, #429, #1045 ) ) REPRESENTATION_CONTEXT ( 'NONE', 'WORKASPACE' ) );
#1133 = ADVANCED_BREP_SHAPE_REPRESENTATION ( 'GP1S094HCZ0F_Photointerrupter', ( #985, #909 ), #755 ) ;
#1134 = DIRECTION ( 'NONE',  ( -0.000000000000000000, -0.7071067811865483499, -0.7071067811865467956 ) ) ;
#1135 = EDGE_CURVE ( 'NONE', #858, #710, #1159, .T. ) ;
#1136 = FILL_AREA_STYLE ('',( #1358 ) ) ;
#1137 = PRESENTATION_STYLE_ASSIGNMENT (( #1484 ) ) ;
#1138 = CARTESIAN_POINT ( 'NONE',  ( -2.325000000000000178, -4.049999999999999822, 0.09999999999999971412 ) ) ;
#1139 = ORIENTED_EDGE ( 'NONE', *, *, #776, .T. ) ;
#1140 = ORIENTED_EDGE ( 'NONE', *, *, #971, .F. ) ;
#1141 = EDGE_CURVE ( 'NONE', #1343, #798, #1425, .T. ) ;
#1142 = ORIENTED_EDGE ( 'NONE', *, *, #1297, .T. ) ;
#1143 = FACE_OUTER_BOUND ( 'NONE', #735, .T. ) ;
#1144 = CARTESIAN_POINT ( 'NONE',  ( -2.325000000000000178, -7.150000000000000355, 0.4999999999999996669 ) ) ;
#1145 = VECTOR ( 'NONE', #1443, 1000.000000000000000 ) ;
#1146 = DIRECTION ( 'NONE',  ( -1.084202172485504631E-15, 0.000000000000000000, 1.000000000000000000 ) ) ;
#1147 = LINE ( 'NONE', #1382, #100 ) ;
#1148 = ORIENTED_EDGE ( 'NONE', *, *, #1559, .F. ) ;
#1149 = ADVANCED_FACE ( 'NONE', ( #953 ), #1054, .T. ) ;
#1150 = EDGE_LOOP ( 'NONE', ( #519, #846, #1594, #1073 ) ) ;
#1151 = COLOUR_RGB ( '',0.6862745098039215730, 0.6078431372549019107, 0.5294117647058823595 ) ;
#1152 = DIRECTION ( 'NONE',  ( 0.000000000000000000, 1.000000000000000000, -0.000000000000000000 ) ) ;
#1153 = VECTOR ( 'NONE', #370, 1000.000000000000114 ) ;
#1154 = CARTESIAN_POINT ( 'NONE',  ( 1.500000000000000000, -2.250000000000000444, 2.299999999999998934 ) ) ;
#1155 =( NAMED_UNIT ( * ) SI_UNIT ( $, .STERADIAN. ) SOLID_ANGLE_UNIT ( ) );
#1156 = ORIENTED_EDGE ( 'NONE', *, *, #119, .F. ) ;
#1157 = UNCERTAINTY_MEASURE_WITH_UNIT (LENGTH_MEASURE( 1.000000000000000082E-05 ), #591, 'distance_accuracy_value', 'NONE');
#1158 = ORIENTED_EDGE ( 'NONE', *, *, #820, .T. ) ;
#1159 = LINE ( 'NONE', #452, #643 ) ;
#1160 = PRESENTATION_STYLE_ASSIGNMENT (( #284 ) ) ;
#1161 = LINE ( 'NONE', #278, #738 ) ;
#1162 = EDGE_CURVE ( 'NONE', #1309, #1470, #36, .T. ) ;
#1163 = CARTESIAN_POINT ( 'NONE',  ( -2.750000000000000888, -4.049999999999999822, 2.600000000000000089 ) ) ;
#1164 = ORIENTED_EDGE ( 'NONE', *, *, #27, .T. ) ;
#1165 = MECHANICAL_DESIGN_GEOMETRIC_PRESENTATION_REPRESENTATION (  '', ( #754 ), #338 ) ;
#1166 =( LENGTH_UNIT ( ) NAMED_UNIT ( * ) SI_UNIT ( .MILLI., .METRE. ) );
#1167 = VERTEX_POINT ( 'NONE', #1122 ) ;
#1168 = DIRECTION ( 'NONE',  ( -0.000000000000000000, -1.000000000000000000, -0.000000000000000000 ) ) ;
#1169 = AXIS2_PLACEMENT_3D ( 'NONE', #1189, #712, #695 ) ;
#1170 = LINE ( 'NONE', #48, #990 ) ;
#1171 = CARTESIAN_POINT ( 'NONE',  ( -2.325000000000000178, -7.150000000000000355, 2.500000000000000000 ) ) ;
#1172 = CARTESIAN_POINT ( 'NONE',  ( 1.800000000000000044, 0.000000000000000000, 2.600000000000000089 ) ) ;
#1173 = VECTOR ( 'NONE', #737, 1000.000000000000000 ) ;
#1174 = ADVANCED_FACE ( 'NONE', ( #893 ), #887, .F. ) ;
#1175 = ORIENTED_EDGE ( 'NONE', *, *, #562, .T. ) ;
#1176 = VECTOR ( 'NONE', #785, 1000.000000000000000 ) ;
#1177 = ORIENTED_EDGE ( 'NONE', *, *, #227, .T. ) ;
#1178 = CARTESIAN_POINT ( 'NONE',  ( 2.325000000000000178, -7.150000000000000355, 2.100000000000000089 ) ) ;
#1179 = FILL_AREA_STYLE_COLOUR ( '', #1503 ) ;
#1180 = DIRECTION ( 'NONE',  ( 0.000000000000000000, -1.000000000000000000, 0.000000000000000000 ) ) ;
#1181 = DIRECTION ( 'NONE',  ( 0.5773502691896251759, 0.5773502691896253980, -0.5773502691896267303 ) ) ;
#1182 = ORIENTED_EDGE ( 'NONE', *, *, #899, .F. ) ;
#1183 = CARTESIAN_POINT ( 'NONE',  ( -2.750000000000000888, -4.049999999999999822, 2.600000000000000089 ) ) ;
#1184 = EDGE_LOOP ( 'NONE', ( #318, #265, #1204, #666 ) ) ;
#1185 = DIRECTION ( 'NONE',  ( 0.000000000000000000, 0.000000000000000000, -1.000000000000000000 ) ) ;
#1186 = EDGE_CURVE ( 'NONE', #275, #1014, #758, .T. ) ;
#1187 = ORIENTED_EDGE ( 'NONE', *, *, #486, .T. ) ;
#1188 = CARTESIAN_POINT ( 'NONE',  ( 0.000000000000000000, -4.850000000000000533, 2.049999999999999822 ) ) ;
#1189 = CARTESIAN_POINT ( 'NONE',  ( 0.000000000000000000, -7.150000000000000355, 0.000000000000000000 ) ) ;
#1190 = SURFACE_STYLE_FILL_AREA ( #827 ) ;
#1191 = LINE ( 'NONE', #828, #96 ) ;
#1192 = ADVANCED_FACE ( 'NONE', ( #381 ), #653, .F. ) ;
#1193 = EDGE_LOOP ( 'NONE', ( #528, #919, #1119, #45, #1397 ) ) ;
#1194 = VECTOR ( 'NONE', #1168, 1000.000000000000000 ) ;
#1195 = ORIENTED_EDGE ( 'NONE', *, *, #246, .F. ) ;
#1196 = SURFACE_STYLE_FILL_AREA ( #197 ) ;
#1197 = FACE_OUTER_BOUND ( 'NONE', #1369, .T. ) ;
#1198 = VECTOR ( 'NONE', #511, 1000.000000000000000 ) ;
#1199 = DIRECTION ( 'NONE',  ( -0.000000000000000000, -0.000000000000000000, -1.000000000000000000 ) ) ;
#1200 = LINE ( 'NONE', #938, #1298 ) ;
#1201 = CARTESIAN_POINT ( 'NONE',  ( -1.200000000000001066, 0.9499999999999996225, 1.999999999999999556 ) ) ;
#1202 = VERTEX_POINT ( 'NONE', #523 ) ;
#1203 =( LENGTH_UNIT ( ) NAMED_UNIT ( * ) SI_UNIT ( .MILLI., .METRE. ) );
#1204 = ORIENTED_EDGE ( 'NONE', *, *, #365, .F. ) ;
#1205 = FILL_AREA_STYLE_COLOUR ( '', #387 ) ;
#1206 = ORIENTED_EDGE ( 'NONE', *, *, #736, .T. ) ;
#1207 = EDGE_CURVE ( 'NONE', #1487, #134, #22, .T. ) ;
#1208 = CARTESIAN_POINT ( 'NONE',  ( 2.175000000000000266, -7.150000000000000355, 2.100000000000000089 ) ) ;
#1209 = CARTESIAN_POINT ( 'NONE',  ( -1.800000000000000044, -2.602085213965210642E-16, 2.600000000000000089 ) ) ;
#1210 = VERTEX_POINT ( 'NONE', #1269 ) ;
#1211 =( NAMED_UNIT ( * ) SI_UNIT ( $, .STERADIAN. ) SOLID_ANGLE_UNIT ( ) );
#1212 = ORIENTED_EDGE ( 'NONE', *, *, #155, .F. ) ;
#1213 = CARTESIAN_POINT ( 'NONE',  ( -1.499999999999999556, -1.949999999999996625, 2.299999999999998934 ) ) ;
#1214 = PRESENTATION_LAYER_ASSIGNMENT (  '', '', ( #289 ) ) ;
#1215 = ORIENTED_EDGE ( 'NONE', *, *, #791, .T. ) ;
#1216 = FACE_OUTER_BOUND ( 'NONE', #1090, .T. ) ;
#1217 = CARTESIAN_POINT ( 'NONE',  ( 2.324999999999999734, -4.049999999999999822, 0.09999999999999993616 ) ) ;
#1218 = SURFACE_SIDE_STYLE ('',( #850 ) ) ;
#1219 = DIRECTION ( 'NONE',  ( 0.7071067811865464625, 1.022195611122247823E-16, -0.7071067811865486830 ) ) ;
#1220 = CARTESIAN_POINT ( 'NONE',  ( -2.325000000000000622, -4.049999999999999822, 0.4999999999999995559 ) ) ;
#1221 = MECHANICAL_DESIGN_GEOMETRIC_PRESENTATION_REPRESENTATION (  '', ( #233 ), #510 ) ;
#1222 = FACE_OUTER_BOUND ( 'NONE', #1410, .T. ) ;
#1223 = APPLICATION_PROTOCOL_DEFINITION ( 'draft international standard', 'automotive_design', 1998, #194 ) ;
#1224 = EDGE_CURVE ( 'NONE', #1202, #348, #498, .T. ) ;
#1225 = ORIENTED_EDGE ( 'NONE', *, *, #678, .F. ) ;
#1226 = AXIS2_PLACEMENT_3D ( 'NONE', #984, #1219, #467 ) ;
#1227 = VECTOR ( 'NONE', #1409, 1000.000000000000000 ) ;
#1228 = LINE ( 'NONE', #240, #1098 ) ;
#1229 = ADVANCED_FACE ( 'NONE', ( #999 ), #1477, .F. ) ;
#1230 = PRESENTATION_STYLE_ASSIGNMENT (( #1463 ) ) ;
#1231 = LINE ( 'NONE', #1110, #1349 ) ;
#1232 = ORIENTED_EDGE ( 'NONE', *, *, #1497, .F. ) ;
#1233 = EDGE_CURVE ( 'NONE', #1396, #404, #538, .T. ) ;
#1234 = DIRECTION ( 'NONE',  ( -0.000000000000000000, -1.000000000000000000, 0.000000000000000000 ) ) ;
#1235 = VECTOR ( 'NONE', #285, 1000.000000000000000 ) ;
#1236 = LINE ( 'NONE', #25, #453 ) ;
#1237 = ORIENTED_EDGE ( 'NONE', *, *, #321, .T. ) ;
#1238 = MECHANICAL_DESIGN_GEOMETRIC_PRESENTATION_REPRESENTATION (  '', ( #905 ), #628 ) ;
#1239 = PLANE ( 'NONE',  #886 ) ;
#1240 = CARTESIAN_POINT ( 'NONE',  ( 2.750000000000000888, 0.7500000000000000000, 0.000000000000000000 ) ) ;
#1241 = VECTOR ( 'NONE', #763, 1000.000000000000000 ) ;
#1242 = LINE ( 'NONE', #1504, #501 ) ;
#1243 = AXIS2_PLACEMENT_3D ( 'NONE', #1525, #1310, #154 ) ;
#1244 = AXIS2_PLACEMENT_3D ( 'NONE', #700, #304, #553 ) ;
#1245 = EDGE_LOOP ( 'NONE', ( #1187, #1550, #437, #897 ) ) ;
#1246 = MECHANICAL_DESIGN_GEOMETRIC_PRESENTATION_REPRESENTATION (  '', ( #1041 ), #540 ) ;
#1247 = EDGE_CURVE ( 'NONE', #404, #451, #1281, .T. ) ;
#1248 = CARTESIAN_POINT ( 'NONE',  ( -1.499999999999999556, -2.250000000000000444, 2.600000000000000089 ) ) ;
#1249 = PRESENTATION_LAYER_ASSIGNMENT (  '', '', ( #634 ) ) ;
#1250 = DIRECTION ( 'NONE',  ( 1.000000000000000000, 0.000000000000000000, -0.000000000000000000 ) ) ;
#1251 = UNCERTAINTY_MEASURE_WITH_UNIT (LENGTH_MEASURE( 1.000000000000000082E-05 ), #173, 'distance_accuracy_value', 'NONE');
#1252 = DIRECTION ( 'NONE',  ( -0.7071067811865486830, 0.000000000000000000, -0.7071067811865464625 ) ) ;
#1253 = VERTEX_POINT ( 'NONE', #925 ) ;
#1254 = SURFACE_STYLE_USAGE ( .BOTH. , #400 ) ;
#1255 = EDGE_CURVE ( 'NONE', #671, #1412, #1290, .T. ) ;
#1256 = CARTESIAN_POINT ( 'NONE',  ( 1.199999999999997513, -2.250000000000000444, 2.600000000000000089 ) ) ;
#1257 = DIRECTION ( 'NONE',  ( 1.000000000000000000, 0.000000000000000000, 0.000000000000000000 ) ) ;
#1258 = ORIENTED_EDGE ( 'NONE', *, *, #222, .F. ) ;
#1259 = VERTEX_POINT ( 'NONE', #570 ) ;
#1260 = ORIENTED_EDGE ( 'NONE', *, *, #629, .F. ) ;
#1261 = COLOUR_RGB ( '',0.6862745098039215730, 0.6078431372549019107, 0.5294117647058823595 ) ;
#1262 = SURFACE_SIDE_STYLE ('',( #30 ) ) ;
#1263 = UNCERTAINTY_MEASURE_WITH_UNIT (LENGTH_MEASURE( 1.000000000000000082E-05 ), #1166, 'distance_accuracy_value', 'NONE');
#1264 =( NAMED_UNIT ( * ) PLANE_ANGLE_UNIT ( ) SI_UNIT ( $, .RADIAN. ) );
#1265 = CARTESIAN_POINT ( 'NONE',  ( 1.199999999999997513, -2.250000000000000444, 0.000000000000000000 ) ) ;
#1266 = DIRECTION ( 'NONE',  ( -0.000000000000000000, 0.7071067811865467956, -0.7071067811865483499 ) ) ;
#1267 = ORIENTED_EDGE ( 'NONE', *, *, #91, .T. ) ;
#1268 = ORIENTED_EDGE ( 'NONE', *, *, #1162, .F. ) ;
#1269 = CARTESIAN_POINT ( 'NONE',  ( 1.800000000000000044, 0.3500000000000006994, 2.600000000000000089 ) ) ;
#1270 = DIRECTION ( 'NONE',  ( -1.000000000000000000, 0.000000000000000000, 0.000000000000000000 ) ) ;
#1271 = CYLINDRICAL_SURFACE ( 'NONE', #1475, 0.5000000000000000000 ) ;
#1272 = ORIENTED_EDGE ( 'NONE', *, *, #1292, .F. ) ;
#1273 = VERTEX_POINT ( 'NONE', #165 ) ;
#1274 = EDGE_CURVE ( 'NONE', #124, #1440, #1509, .T. ) ;
#1275 = CARTESIAN_POINT ( 'NONE',  ( 2.175000000000000266, -7.150000000000000355, 2.100000000000000089 ) ) ;
#1276 = LINE ( 'NONE', #300, #21 ) ;
#1277 = EDGE_LOOP ( 'NONE', ( #1533, #831, #596, #1320 ) ) ;
#1278 = ORIENTED_EDGE ( 'NONE', *, *, #878, .T. ) ;
#1279 = SURFACE_SIDE_STYLE ('',( #1196 ) ) ;
#1280 = LINE ( 'NONE', #163, #1036 ) ;
#1281 = LINE ( 'NONE', #911, #964 ) ;
#1282 = DIRECTION ( 'NONE',  ( 1.000000000000000000, 0.000000000000000000, 0.000000000000000000 ) ) ;
#1283 = ORIENTED_EDGE ( 'NONE', *, *, #1577, .F. ) ;
#1284 = DIRECTION ( 'NONE',  ( -0.000000000000000000, 0.000000000000000000, 1.000000000000000000 ) ) ;
#1285 = EDGE_LOOP ( 'NONE', ( #135, #137, #250, #302, #71 ) ) ;
#1286 = DIRECTION ( 'NONE',  ( -1.000000000000000000, -0.000000000000000000, -0.000000000000000000 ) ) ;
#1287 = AXIS2_PLACEMENT_3D ( 'NONE', #708, #805, #436 ) ;
#1288 = CARTESIAN_POINT ( 'NONE',  ( 0.000000000000000000, -4.850000000000000533, 2.350000000000001421 ) ) ;
#1289 = SURFACE_STYLE_FILL_AREA ( #433 ) ;
#1290 = LINE ( 'NONE', #818, #468 ) ;
#1291 = FILL_AREA_STYLE ('',( #292 ) ) ;
#1292 = EDGE_CURVE ( 'NONE', #1378, #1167, #1419, .T. ) ;
#1293 = PLANE ( 'NONE',  #733 ) ;
#1294 = VECTOR ( 'NONE', #1578, 1000.000000000000000 ) ;
#1295 = STYLED_ITEM ( 'NONE', ( #1336 ), #792 ) ;
#1296 = ORIENTED_EDGE ( 'NONE', *, *, #971, .T. ) ;
#1297 = EDGE_CURVE ( 'NONE', #348, #281, #1039, .T. ) ;
#1298 = VECTOR ( 'NONE', #819, 1000.000000000000000 ) ;
#1299 = ORIENTED_EDGE ( 'NONE', *, *, #140, .F. ) ;
#1300 = VECTOR ( 'NONE', #270, 1000.000000000000000 ) ;
#1301 = EDGE_CURVE ( 'NONE', #1412, #1481, #794, .T. ) ;
#1302 = CARTESIAN_POINT ( 'NONE',  ( -2.325000000000000178, -4.049999999999999822, 2.500000000000000000 ) ) ;
#1303 = LINE ( 'NONE', #803, #164 ) ;
#1304 = FACE_OUTER_BOUND ( 'NONE', #81, .T. ) ;
#1305 = CARTESIAN_POINT ( 'NONE',  ( 2.174999999999999822, -4.049999999999999822, 0.5000000000000000000 ) ) ;
#1306 = ADVANCED_FACE ( 'NONE', ( #1539 ), #291, .F. ) ;
#1307 = VERTEX_POINT ( 'NONE', #1171 ) ;
#1308 =( NAMED_UNIT ( * ) SI_UNIT ( $, .STERADIAN. ) SOLID_ANGLE_UNIT ( ) );
#1309 = VERTEX_POINT ( 'NONE', #76 ) ;
#1310 = DIRECTION ( 'NONE',  ( 0.000000000000000000, -1.000000000000000000, 0.000000000000000000 ) ) ;
#1311 = MECHANICAL_DESIGN_GEOMETRIC_PRESENTATION_REPRESENTATION (  '', ( #245 ), #825 ) ;
#1312 = CARTESIAN_POINT ( 'NONE',  ( 0.000000000000000000, 0.000000000000000000, 0.000000000000000000 ) ) ;
#1313 =( LENGTH_UNIT ( ) NAMED_UNIT ( * ) SI_UNIT ( .MILLI., .METRE. ) );
#1314 = DIRECTION ( 'NONE',  ( -0.000000000000000000, 0.000000000000000000, 1.000000000000000000 ) ) ;
#1315 = EDGE_CURVE ( 'NONE', #1440, #615, #1303, .T. ) ;
#1316 = ORIENTED_EDGE ( 'NONE', *, *, #357, .T. ) ;
#1317 = FILL_AREA_STYLE_COLOUR ( '', #806 ) ;
#1318 = UNCERTAINTY_MEASURE_WITH_UNIT (LENGTH_MEASURE( 1.000000000000000082E-05 ), #426, 'distance_accuracy_value', 'NONE');
#1319 = EDGE_CURVE ( 'NONE', #658, #1474, #58, .T. ) ;
#1320 = ORIENTED_EDGE ( 'NONE', *, *, #1233, .T. ) ;
#1321 = CARTESIAN_POINT ( 'NONE',  ( -2.325000000000000178, -7.150000000000000355, 0.09999999999999971412 ) ) ;
#1322 = VECTOR ( 'NONE', #550, 1000.000000000000000 ) ;
#1323 = AXIS2_PLACEMENT_3D ( 'NONE', #66, #56, #547 ) ;
#1324 = MECHANICAL_DESIGN_GEOMETRIC_PRESENTATION_REPRESENTATION (  '', ( #441 ), #1094 ) ;
#1325 =( NAMED_UNIT ( * ) SI_UNIT ( $, .STERADIAN. ) SOLID_ANGLE_UNIT ( ) );
#1326 = LINE ( 'NONE', #213, #603 ) ;
#1327 = ORIENTED_EDGE ( 'NONE', *, *, #499, .T. ) ;
#1328 = FILL_AREA_STYLE ('',( #333 ) ) ;
#1329 = VERTEX_POINT ( 'NONE', #1029 ) ;
#1330 = DIRECTION ( 'NONE',  ( -0.000000000000000000, 1.000000000000000000, -0.000000000000000000 ) ) ;
#1331 = COLOUR_RGB ( '',0.6862745098039215730, 0.6078431372549019107, 0.5294117647058823595 ) ;
#1332 = LINE ( 'NONE', #724, #614 ) ;
#1333 =( LENGTH_UNIT ( ) NAMED_UNIT ( * ) SI_UNIT ( .MILLI., .METRE. ) );
#1334 =( NAMED_UNIT ( * ) SI_UNIT ( $, .STERADIAN. ) SOLID_ANGLE_UNIT ( ) );
#1335 = DIRECTION ( 'NONE',  ( 0.7071067811865485719, 0.000000000000000000, -0.7071067811865465735 ) ) ;
#1336 = PRESENTATION_STYLE_ASSIGNMENT (( #1585 ) ) ;
#1337 = EDGE_LOOP ( 'NONE', ( #1327, #701, #1148, #412 ) ) ;
#1338 = FACE_OUTER_BOUND ( 'NONE', #161, .T. ) ;
#1339 = CARTESIAN_POINT ( 'NONE',  ( 1.200000000000001510, 0.9499999999999996225, 1.999999999999999556 ) ) ;
#1340 = CARTESIAN_POINT ( 'NONE',  ( -2.174999999999999822, -7.150000000000000355, 2.100000000000000089 ) ) ;
#1341 = AXIS2_PLACEMENT_3D ( 'NONE', #1434, #187, #162 ) ;
#1342 = PLANE ( 'NONE',  #696 ) ;
#1343 = VERTEX_POINT ( 'NONE', #1048 ) ;
#1344 = DIRECTION ( 'NONE',  ( -0.000000000000000000, 0.7071067811865467956, -0.7071067811865483499 ) ) ;
#1345 = CONICAL_SURFACE ( 'NONE', #1244, 0.3000000000000016542, 0.7853981633974473908 ) ;
#1346 = FILL_AREA_STYLE ('',( #1205 ) ) ;
#1347 = ADVANCED_FACE ( 'NONE', ( #447 ), #949, .F. ) ;
#1348 = DIRECTION ( 'NONE',  ( -1.000000000000000000, 0.000000000000000000, -0.000000000000000000 ) ) ;
#1349 = VECTOR ( 'NONE', #489, 1000.000000000000000 ) ;
#1350 = ADVANCED_FACE ( 'NONE', ( #1518 ), #40, .F. ) ;
#1351 = LINE ( 'NONE', #1476, #1516 ) ;
#1352 = FILL_AREA_STYLE ('',( #870 ) ) ;
#1353 = CARTESIAN_POINT ( 'NONE',  ( -1.500000000000000000, 0.7500000000000000000, 0.2999999999999990452 ) ) ;
#1354 = FACE_OUTER_BOUND ( 'NONE', #35, .T. ) ;
#1355 = STYLED_ITEM ( 'NONE', ( #515 ), #985 ) ;
#1356 = DIRECTION ( 'NONE',  ( 0.000000000000000000, -1.000000000000000000, 0.000000000000000000 ) ) ;
#1357 = STYLED_ITEM ( 'NONE', ( #1519 ), #132 ) ;
#1358 = FILL_AREA_STYLE_COLOUR ( '', #882 ) ;
#1359 = LINE ( 'NONE', #1000, #369 ) ;
#1360 = VERTEX_POINT ( 'NONE', #1075 ) ;
#1361 = EDGE_CURVE ( 'NONE', #1442, #124, #1082, .T. ) ;
#1362 = EDGE_CURVE ( 'NONE', #573, #798, #1332, .T. ) ;
#1363 = COLOUR_RGB ( '',0.6862745098039215730, 0.6078431372549019107, 0.5294117647058823595 ) ;
#1364 = CARTESIAN_POINT ( 'NONE',  ( 2.750000000000000888, -4.049999999999999822, 2.600000000000000089 ) ) ;
#1365 = DIRECTION ( 'NONE',  ( 0.000000000000000000, 0.000000000000000000, -1.000000000000000000 ) ) ;
#1366 = CARTESIAN_POINT ( 'NONE',  ( 1.500000000000000000, -1.950000000000001288, 2.299999999999998934 ) ) ;
#1367 = PRESENTATION_LAYER_ASSIGNMENT (  '', '', ( #754 ) ) ;
#1368 = COLOUR_RGB ( '',0.1098039215686274495, 0.1098039215686274495, 0.1098039215686274495 ) ;
#1369 = EDGE_LOOP ( 'NONE', ( #461, #16, #1079, #82 ) ) ;
#1370 = AXIS2_PLACEMENT_3D ( 'NONE', #234, #1234, #117 ) ;
#1371 = ADVANCED_FACE ( 'NONE', ( #1216 ), #661, .T. ) ;
#1372 = LINE ( 'NONE', #261, #492 ) ;
#1373 = DIRECTION ( 'NONE',  ( 1.000000000000000000, 0.000000000000000000, -0.000000000000000000 ) ) ;
#1374 = VECTOR ( 'NONE', #1555, 1000.000000000000000 ) ;
#1375 =( NAMED_UNIT ( * ) PLANE_ANGLE_UNIT ( ) SI_UNIT ( $, .RADIAN. ) );
#1376 = LINE ( 'NONE', #1138, #446 ) ;
#1377 = ORIENTED_EDGE ( 'NONE', *, *, #1087, .F. ) ;
#1378 = VERTEX_POINT ( 'NONE', #957 ) ;
#1379 = EDGE_CURVE ( 'NONE', #282, #1527, #1454, .T. ) ;
#1380 = LINE ( 'NONE', #1478, #1018 ) ;
#1381 = PRESENTATION_LAYER_ASSIGNMENT (  '', '', ( #1357 ) ) ;
#1382 = CARTESIAN_POINT ( 'NONE',  ( -2.174999999999999822, -7.150000000000000355, 2.100000000000000089 ) ) ;
#1383 = ORIENTED_EDGE ( 'NONE', *, *, #1162, .T. ) ;
#1384 = ORIENTED_EDGE ( 'NONE', *, *, #414, .F. ) ;
#1385 = LINE ( 'NONE', #793, #1241 ) ;
#1386 = ADVANCED_FACE ( 'NONE', ( #358 ), #363, .F. ) ;
#1387 = LINE ( 'NONE', #1154, #1235 ) ;
#1388 =( NAMED_UNIT ( * ) PLANE_ANGLE_UNIT ( ) SI_UNIT ( $, .RADIAN. ) );
#1389 = ORIENTED_EDGE ( 'NONE', *, *, #1473, .T. ) ;
#1390 = STYLED_ITEM ( 'NONE', ( #1126 ), #648 ) ;
#1391 = UNCERTAINTY_MEASURE_WITH_UNIT (LENGTH_MEASURE( 1.000000000000000082E-05 ), #490, 'distance_accuracy_value', 'NONE');
#1392 = ORIENTED_EDGE ( 'NONE', *, *, #509, .T. ) ;
#1393 = PRESENTATION_STYLE_ASSIGNMENT (( #157 ) ) ;
#1394 = DIRECTION ( 'NONE',  ( -0.000000000000000000, 1.000000000000000000, -0.000000000000000000 ) ) ;
#1395 = DIRECTION ( 'NONE',  ( -1.000000000000000000, -0.000000000000000000, -0.000000000000000000 ) ) ;
#1396 = VERTEX_POINT ( 'NONE', #743 ) ;
#1397 = ORIENTED_EDGE ( 'NONE', *, *, #361, .F. ) ;
#1398 = DIRECTION ( 'NONE',  ( 1.000000000000000000, 0.000000000000000000, 0.000000000000000000 ) ) ;
#1399 = FILL_AREA_STYLE_COLOUR ( '', #810 ) ;
#1400 = DIRECTION ( 'NONE',  ( -0.000000000000000000, 1.000000000000000000, -0.000000000000000000 ) ) ;
#1401 = FILL_AREA_STYLE_COLOUR ( '', #589 ) ;
#1402 = ORIENTED_EDGE ( 'NONE', *, *, #972, .T. ) ;
#1403 = FACE_OUTER_BOUND ( 'NONE', #1088, .T. ) ;
#1404 = ORIENTED_EDGE ( 'NONE', *, *, #629, .T. ) ;
#1405 = CARTESIAN_POINT ( 'NONE',  ( -2.325000000000000178, -7.150000000000000355, 0.09999999999999971412 ) ) ;
#1406 = ADVANCED_FACE ( 'NONE', ( #1086 ), #474, .F. ) ;
#1407 = CARTESIAN_POINT ( 'NONE',  ( -1.725000000000005418, -1.724999999999989209, 2.600000000000000089 ) ) ;
#1408 = DIRECTION ( 'NONE',  ( -0.000000000000000000, 1.000000000000000000, -0.000000000000000000 ) ) ;
#1409 = DIRECTION ( 'NONE',  ( 0.000000000000000000, -1.000000000000000000, 0.000000000000000000 ) ) ;
#1410 = EDGE_LOOP ( 'NONE', ( #1521, #1156, #516, #111 ) ) ;
#1411 = CARTESIAN_POINT ( 'NONE',  ( 2.174999999999999822, -7.150000000000000355, 0.09999999999999993616 ) ) ;
#1412 = VERTEX_POINT ( 'NONE', #90 ) ;
#1413 = ADVANCED_FACE ( 'NONE', ( #1222 ), #1593, .F. ) ;
#1414 = PRESENTATION_LAYER_ASSIGNMENT (  '', '', ( #802 ) ) ;
#1415 = DIRECTION ( 'NONE',  ( 1.000000000000000000, 0.000000000000000000, 0.000000000000000000 ) ) ;
#1416 = CARTESIAN_POINT ( 'NONE',  ( -2.174999999999999822, -7.150000000000000355, 0.09999999999999971412 ) ) ;
#1417 = FILL_AREA_STYLE ('',( #189 ) ) ;
#1418 = EDGE_CURVE ( 'NONE', #186, #73, #224, .T. ) ;
#1419 = LINE ( 'NONE', #1068, #253 ) ;
#1420 = CARTESIAN_POINT ( 'NONE',  ( 0.000000000000000000, -4.049999999999999822, 2.549999999999999822 ) ) ;
#1421 = LINE ( 'NONE', #78, #378 ) ;
#1422 = EDGE_LOOP ( 'NONE', ( #1215, #1006, #325, #440, #1436, #26, #196, #1558, #218, #1575 ) ) ;
#1423 = AXIS2_PLACEMENT_3D ( 'NONE', #917, #1021, #159 ) ;
#1424 = VERTEX_POINT ( 'NONE', #494 ) ;
#1425 = LINE ( 'NONE', #319, #1538 ) ;
#1426 = FACE_OUTER_BOUND ( 'NONE', #232, .T. ) ;
#1427 = EDGE_CURVE ( 'NONE', #296, #1210, #993, .T. ) ;
#1428 =( LENGTH_UNIT ( ) NAMED_UNIT ( * ) SI_UNIT ( .MILLI., .METRE. ) );
#1429 = DIRECTION ( 'NONE',  ( 0.5773502691896286176, 0.5773502691896219563, -0.5773502691896268413 ) ) ;
#1430 = LINE ( 'NONE', #314, #303 ) ;
#1431 = ORIENTED_EDGE ( 'NONE', *, *, #1462, .F. ) ;
#1432 = APPLICATION_PROTOCOL_DEFINITION ( 'draft international standard', 'automotive_design', 1998, #637 ) ;
#1433 = ORIENTED_EDGE ( 'NONE', *, *, #483, .T. ) ;
#1434 = CARTESIAN_POINT ( 'NONE',  ( 2.750000000000000888, 0.7500000000000000000, 2.600000000000000089 ) ) ;
#1435 = COLOUR_RGB ( '',0.6862745098039215730, 0.6078431372549019107, 0.5294117647058823595 ) ;
#1436 = ORIENTED_EDGE ( 'NONE', *, *, #744, .T. ) ;
#1437 = CARTESIAN_POINT ( 'NONE',  ( -2.325000000000000178, -7.150000000000000355, 2.500000000000000000 ) ) ;
#1438 = CARTESIAN_POINT ( 'NONE',  ( 2.175000000000000266, -7.150000000000000355, 2.100000000000000089 ) ) ;
#1439 = CARTESIAN_POINT ( 'NONE',  ( 2.174999999999999822, -4.049999999999999822, 0.09999999999999982514 ) ) ;
#1440 = VERTEX_POINT ( 'NONE', #1579 ) ;
#1441 = LINE ( 'NONE', #830, #1446 ) ;
#1442 = VERTEX_POINT ( 'NONE', #611 ) ;
#1443 = DIRECTION ( 'NONE',  ( -0.000000000000000000, -0.7071067811865467956, 0.7071067811865483499 ) ) ;
#1444 = ADVANCED_FACE ( 'NONE', ( #728 ), #506, .F. ) ;
#1445 = AXIS2_PLACEMENT_3D ( 'NONE', #1507, #1134, #379 ) ;
#1446 = VECTOR ( 'NONE', #1551, 1000.000000000000000 ) ;
#1447 = SURFACE_STYLE_USAGE ( .BOTH. , #211 ) ;
#1448 = LINE ( 'NONE', #1208, #388 ) ;
#1449 =( NAMED_UNIT ( * ) PLANE_ANGLE_UNIT ( ) SI_UNIT ( $, .RADIAN. ) );
#1450 = VECTOR ( 'NONE', #609, 1000.000000000000000 ) ;
#1451 = CARTESIAN_POINT ( 'NONE',  ( 2.750000000000000888, -4.049999999999999822, 0.000000000000000000 ) ) ;
#1452 = ORIENTED_EDGE ( 'NONE', *, *, #617, .F. ) ;
#1453 = PRESENTATION_LAYER_ASSIGNMENT (  '', '', ( #450 ) ) ;
#1454 = LINE ( 'NONE', #99, #239 ) ;
#1455 = DIRECTION ( 'NONE',  ( 0.000000000000000000, -1.000000000000000000, 0.000000000000000000 ) ) ;
#1456 = CARTESIAN_POINT ( 'NONE',  ( 1.199999999999997513, -2.250000000000000444, 0.000000000000000000 ) ) ;
#1457 = SHAPE_DEFINITION_REPRESENTATION ( #69, #1133 ) ;
#1458 = CARTESIAN_POINT ( 'NONE',  ( 2.175000000000000266, -7.150000000000000355, 2.499999999999999556 ) ) ;
#1459 = FACE_OUTER_BOUND ( 'NONE', #1023, .T. ) ;
#1460 = ORIENTED_EDGE ( 'NONE', *, *, #1590, .T. ) ;
#1461 = CARTESIAN_POINT ( 'NONE',  ( 0.000000000000000000, -4.850000000000000533, 2.549999999999999822 ) ) ;
#1462 = EDGE_CURVE ( 'NONE', #1481, #404, #889, .T. ) ;
#1463 = SURFACE_STYLE_USAGE ( .BOTH. , #235 ) ;
#1464 = SURFACE_STYLE_FILL_AREA ( #1346 ) ;
#1465 = CARTESIAN_POINT ( 'NONE',  ( 2.175000000000000266, -7.150000000000000355, 2.100000000000000089 ) ) ;
#1466 = ADVANCED_FACE ( 'NONE', ( #895 ), #750, .F. ) ;
#1467 = LINE ( 'NONE', #1461, #470 ) ;
#1468 = MECHANICAL_DESIGN_GEOMETRIC_PRESENTATION_REPRESENTATION (  '', ( #1390 ), #409 ) ;
#1469 = PLANE ( 'NONE',  #812 ) ;
#1470 = VERTEX_POINT ( 'NONE', #765 ) ;
#1471 = CARTESIAN_POINT ( 'NONE',  ( -2.174999999999999822, -7.150000000000000355, 0.09999999999999971412 ) ) ;
#1472 =( LENGTH_UNIT ( ) NAMED_UNIT ( * ) SI_UNIT ( .MILLI., .METRE. ) );
#1473 = EDGE_CURVE ( 'NONE', #281, #282, #902, .T. ) ;
#1474 = VERTEX_POINT ( 'NONE', #1240 ) ;
#1475 = AXIS2_PLACEMENT_3D ( 'NONE', #410, #679, #1042 ) ;
#1476 = CARTESIAN_POINT ( 'NONE',  ( -2.750000000000000888, -4.049999999999999822, 0.000000000000000000 ) ) ;
#1477 = PLANE ( 'NONE',  #537 ) ;
#1478 = CARTESIAN_POINT ( 'NONE',  ( 2.324999999999999734, -7.150000000000000355, 0.09999999999999993616 ) ) ;
#1479 = UNCERTAINTY_MEASURE_WITH_UNIT (LENGTH_MEASURE( 1.000000000000000082E-05 ), #331, 'distance_accuracy_value', 'NONE');
#1480 = LINE ( 'NONE', #1130, #741 ) ;
#1481 = VERTEX_POINT ( 'NONE', #131 ) ;
#1482 =( NAMED_UNIT ( * ) PLANE_ANGLE_UNIT ( ) SI_UNIT ( $, .RADIAN. ) );
#1483 = CARTESIAN_POINT ( 'NONE',  ( -2.325000000000000178, -4.049999999999999822, 2.100000000000000089 ) ) ;
#1484 = SURFACE_STYLE_USAGE ( .BOTH. , #13 ) ;
#1485 = VECTOR ( 'NONE', #688, 1000.000000000000000 ) ;
#1486 = LINE ( 'NONE', #122, #29 ) ;
#1487 = VERTEX_POINT ( 'NONE', #1256 ) ;
#1488 = VECTOR ( 'NONE', #1584, 1000.000000000000000 ) ;
#1489 = EDGE_CURVE ( 'NONE', #807, #282, #1380, .T. ) ;
#1490 = PRESENTATION_LAYER_ASSIGNMENT (  '', '', ( #473 ) ) ;
#1491 = DIRECTION ( 'NONE',  ( -0.000000000000000000, 0.000000000000000000, -1.000000000000000000 ) ) ;
#1492 = CARTESIAN_POINT ( 'NONE',  ( -2.325000000000000178, -7.150000000000000355, 2.100000000000000089 ) ) ;
#1493 = FILL_AREA_STYLE_COLOUR ( '', #1102 ) ;
#1494 = EDGE_LOOP ( 'NONE', ( #220, #1383, #449, #397, #427 ) ) ;
#1495 = ORIENTED_EDGE ( 'NONE', *, *, #434, .T. ) ;
#1496 = VERTEX_POINT ( 'NONE', #394 ) ;
#1497 = EDGE_CURVE ( 'NONE', #1329, #134, #881, .T. ) ;
#1498 = LINE ( 'NONE', #1009, #1198 ) ;
#1499 = PRESENTATION_STYLE_ASSIGNMENT (( #764 ) ) ;
#1500 = CARTESIAN_POINT ( 'NONE',  ( 1.199999999999997513, -2.250000000000000444, 0.000000000000000000 ) ) ;
#1501 = ADVANCED_FACE ( 'NONE', ( #57 ), #121, .F. ) ;
#1502 = DIRECTION ( 'NONE',  ( -0.000000000000000000, 0.000000000000000000, -1.000000000000000000 ) ) ;
#1503 = COLOUR_RGB ( '',0.6862745098039215730, 0.6078431372549019107, 0.5294117647058823595 ) ;
#1504 = CARTESIAN_POINT ( 'NONE',  ( -2.325000000000000178, -7.150000000000000355, 2.100000000000000089 ) ) ;
#1505 = ORIENTED_EDGE ( 'NONE', *, *, #868, .F. ) ;
#1506 = VERTEX_POINT ( 'NONE', #67 ) ;
#1507 = CARTESIAN_POINT ( 'NONE',  ( 0.000000000000000000, 0.3500000000000006994, 2.600000000000000089 ) ) ;
#1508 = VECTOR ( 'NONE', #916, 1000.000000000000000 ) ;
#1509 = LINE ( 'NONE', #1528, #1508 ) ;
#1510 = CARTESIAN_POINT ( 'NONE',  ( -2.750000000000000888, 0.3499999999999998668, 2.600000000000000089 ) ) ;
#1511 = DIRECTION ( 'NONE',  ( 0.000000000000000000, -0.000000000000000000, 1.000000000000000000 ) ) ;
#1512 = ORIENTED_EDGE ( 'NONE', *, *, #109, .F. ) ;
#1513 = ORIENTED_EDGE ( 'NONE', *, *, #1141, .F. ) ;
#1514 = AXIS2_PLACEMENT_3D ( 'NONE', #1437, #1554, #83 ) ;
#1515 = FACE_OUTER_BOUND ( 'NONE', #171, .T. ) ;
#1516 = VECTOR ( 'NONE', #875, 1000.000000000000000 ) ;
#1517 = FILL_AREA_STYLE ('',( #126 ) ) ;
#1518 = FACE_OUTER_BOUND ( 'NONE', #263, .T. ) ;
#1519 = PRESENTATION_STYLE_ASSIGNMENT (( #32 ) ) ;
#1520 = CARTESIAN_POINT ( 'NONE',  ( 1.500000000000000000, 0.7500000000000000000, 2.199999999999999734 ) ) ;
#1521 = ORIENTED_EDGE ( 'NONE', *, *, #1427, .F. ) ;
#1522 = MECHANICAL_DESIGN_GEOMETRIC_PRESENTATION_REPRESENTATION (  '', ( #634 ), #841 ) ;
#1523 = ADVANCED_FACE ( 'NONE', ( #1426 ), #947, .F. ) ;
#1524 = ORIENTED_EDGE ( 'NONE', *, *, #1233, .F. ) ;
#1525 = CARTESIAN_POINT ( 'NONE',  ( 0.000000000000000000, -4.850000000000000533, 2.049999999999999822 ) ) ;
#1526 = LINE ( 'NONE', #1055, #1099 ) ;
#1527 = VERTEX_POINT ( 'NONE', #955 ) ;
#1528 = CARTESIAN_POINT ( 'NONE',  ( 2.325000000000000178, -7.150000000000000355, 2.100000000000000089 ) ) ;
#1529 = CARTESIAN_POINT ( 'NONE',  ( 2.325000000000000178, -4.049999999999999822, 2.100000000000000089 ) ) ;
#1530 =( NAMED_UNIT ( * ) SI_UNIT ( $, .STERADIAN. ) SOLID_ANGLE_UNIT ( ) );
#1531 = ORIENTED_EDGE ( 'NONE', *, *, #377, .F. ) ;
#1532 = DIRECTION ( 'NONE',  ( 0.7071067811865509034, 0.7071067811865442421, -0.000000000000000000 ) ) ;
#1533 = ORIENTED_EDGE ( 'NONE', *, *, #1247, .T. ) ;
#1534 = ADVANCED_FACE ( 'NONE', ( #309 ), #816, .T. ) ;
#1535 = DIRECTION ( 'NONE',  ( 0.000000000000000000, 0.000000000000000000, 1.000000000000000000 ) ) ;
#1536 = DIRECTION ( 'NONE',  ( -0.000000000000000000, -0.000000000000000000, -1.000000000000000000 ) ) ;
#1537 = CARTESIAN_POINT ( 'NONE',  ( -2.325000000000000178, -4.049999999999999822, 0.4999999999999996669 ) ) ;
#1538 = VECTOR ( 'NONE', #546, 1000.000000000000000 ) ;
#1539 = FACE_OUTER_BOUND ( 'NONE', #711, .T. ) ;
#1540 = LINE ( 'NONE', #70, #1100 ) ;
#1541 = DIRECTION ( 'NONE',  ( 0.000000000000000000, 0.000000000000000000, -1.000000000000000000 ) ) ;
#1542 = ORIENTED_EDGE ( 'NONE', *, *, #744, .F. ) ;
#1543 = ORIENTED_EDGE ( 'NONE', *, *, #1590, .F. ) ;
#1544 = CARTESIAN_POINT ( 'NONE',  ( 2.325000000000000178, -4.049999999999999822, 2.100000000000000089 ) ) ;
#1545 = VECTOR ( 'NONE', #1560, 1000.000000000000000 ) ;
#1546 = LINE ( 'NONE', #1302, #118 ) ;
#1547 = CARTESIAN_POINT ( 'NONE',  ( -2.325000000000000178, -7.150000000000000355, 0.4999999999999996669 ) ) ;
#1548 = FILL_AREA_STYLE_COLOUR ( '', #610 ) ;
#1549 = MECHANICAL_DESIGN_GEOMETRIC_PRESENTATION_REPRESENTATION (  '', ( #1295 ), #147 ) ;
#1550 = ORIENTED_EDGE ( 'NONE', *, *, #1301, .F. ) ;
#1551 = DIRECTION ( 'NONE',  ( 1.445602896647339163E-16, -1.000000000000000000, 0.000000000000000000 ) ) ;
#1552 = ORIENTED_EDGE ( 'NONE', *, *, #1085, .T. ) ;
#1553 = DIRECTION ( 'NONE',  ( 0.000000000000000000, 0.000000000000000000, -1.000000000000000000 ) ) ;
#1554 = DIRECTION ( 'NONE',  ( 0.000000000000000000, 0.000000000000000000, -1.000000000000000000 ) ) ;
#1555 = DIRECTION ( 'NONE',  ( 1.000000000000000000, 0.000000000000000000, 0.000000000000000000 ) ) ;
#1556 = CARTESIAN_POINT ( 'NONE',  ( 2.175000000000000266, -7.150000000000000355, 2.499999999999999556 ) ) ;
#1557 = VECTOR ( 'NONE', #1266, 1000.000000000000000 ) ;
#1558 = ORIENTED_EDGE ( 'NONE', *, *, #1129, .T. ) ;
#1559 = EDGE_CURVE ( 'NONE', #1440, #782, #808, .T. ) ;
#1560 = DIRECTION ( 'NONE',  ( 1.000000000000000000, 0.000000000000000000, 0.000000000000000000 ) ) ;
#1561 = ORIENTED_EDGE ( 'NONE', *, *, #656, .T. ) ;
#1562 = PLANE ( 'NONE',  #608 ) ;
#1563 = ORIENTED_EDGE ( 'NONE', *, *, #119, .T. ) ;
#1564 = FILL_AREA_STYLE ('',( #350 ) ) ;
#1565 = CARTESIAN_POINT ( 'NONE',  ( 2.750000000000000888, -4.049999999999999822, 2.600000000000000089 ) ) ;
#1566 = CARTESIAN_POINT ( 'NONE',  ( 0.000000000000000000, 0.000000000000000000, 0.000000000000000000 ) ) ;
#1567 = CARTESIAN_POINT ( 'NONE',  ( -1.500000000000000000, 0.7500000000000000000, 2.600000000000000089 ) ) ;
#1568 = PRESENTATION_LAYER_ASSIGNMENT (  '', '', ( #674 ) ) ;
#1569 = DIRECTION ( 'NONE',  ( 1.000000000000000000, -0.000000000000000000, -0.000000000000000000 ) ) ;
#1570 = VECTOR ( 'NONE', #1591, 1000.000000000000000 ) ;
#1571 = SURFACE_STYLE_USAGE ( .BOTH. , #1218 ) ;
#1572 = FACE_OUTER_BOUND ( 'NONE', #1285, .T. ) ;
#1573 = PLANE ( 'NONE',  #529 ) ;
#1574 = ADVANCED_FACE ( 'NONE', ( #1403 ), #940, .T. ) ;
#1575 = ORIENTED_EDGE ( 'NONE', *, *, #617, .T. ) ;
#1576 = AXIS2_PLACEMENT_3D ( 'NONE', #242, #352, #108 ) ;
#1577 = EDGE_CURVE ( 'NONE', #1360, #858, #1441, .T. ) ;
#1578 = DIRECTION ( 'NONE',  ( -1.000000000000000000, -0.000000000000000000, -0.000000000000000000 ) ) ;
#1579 = CARTESIAN_POINT ( 'NONE',  ( 2.325000000000000178, -7.150000000000000355, 2.499999999999999556 ) ) ;
#1580 = EDGE_CURVE ( 'NONE', #168, #1343, #327, .T. ) ;
#1581 = DIRECTION ( 'NONE',  ( 0.000000000000000000, 1.000000000000000000, -0.000000000000000000 ) ) ;
#1582 = ORIENTED_EDGE ( 'NONE', *, *, #478, .F. ) ;
#1583 = ADVANCED_FACE ( 'NONE', ( #295 ), #1345, .T. ) ;
#1584 = DIRECTION ( 'NONE',  ( 0.000000000000000000, 0.000000000000000000, 1.000000000000000000 ) ) ;
#1585 = SURFACE_STYLE_USAGE ( .BOTH. , #102 ) ;
#1586 = VECTOR ( 'NONE', #673, 1000.000000000000000 ) ;
#1587 = SURFACE_SIDE_STYLE ('',( #320 ) ) ;
#1588 = VECTOR ( 'NONE', #642, 1000.000000000000000 ) ;
#1589 = ADVANCED_FACE ( 'NONE', ( #185 ), #195, .F. ) ;
#1590 = EDGE_CURVE ( 'NONE', #329, #747, #564, .T. ) ;
#1591 = DIRECTION ( 'NONE',  ( -0.000000000000000000, 1.000000000000000000, -0.000000000000000000 ) ) ;
#1592 = AXIS2_PLACEMENT_3D ( 'NONE', #1492, #1373, #130 ) ;
#1593 = PLANE ( 'NONE',  #125 ) ;
#1594 = ORIENTED_EDGE ( 'NONE', *, *, #434, .F. ) ;
#1595 = STYLED_ITEM ( 'NONE', ( #862 ), #1406 ) ;
#1596 = CARTESIAN_POINT ( 'NONE',  ( 2.175000000000000266, -4.049999999999999822, 2.100000000000000089 ) ) ;
ENDSEC;
END-ISO-10303-21;
